1;DAU2013;1I;0;26;1;15;9;-1;2013-12-13 22:17:09
2;DAU2013;2I;0;22;1;17;8;-1;2013-12-13 22:42:23
3;DAU2013;3I;0;12;0;-1;-1;-1;NULL
4;DAU2013;4J;0;29;0;-1;-1;-1;NULL
5;DAU2013;1C;0;26;1;13;12;-1;2013-12-14 09:04:14
6;DAU2013;2C;0;30;1;14;11;-1;2013-12-14 09:06:19
7;DAU2013;3I;0;29;1;11;14;-1;2013-12-14 09:10:11
8;DAU2013;4C;0;1;1;10;15;-1;2013-12-14 09:12:42
9;DAU2013;1I;0;19;0;-1;-1;-1;NULL
10;DAU2013;2I;0;30;1;13;12;-1;2013-12-14 09:28:09
11;DAU2013;3C;0;21;0;-1;-1;-1;NULL
12;DAU2013;4C;0;3;0;-1;-1;-1;NULL
13;DAU2013;1I;0;2;0;-1;-1;-1;NULL
14;DAU2013;2I;0;15;0;-1;-1;-1;NULL
15;DAU2013;3C;0;7;0;-1;-1;-1;NULL
16;DAU2013;4J;0;27;0;-1;-1;-1;NULL
17;DAU2013;1I;0;13;1;13;12;-1;2013-12-14 09:56:36
18;DAU2013;2I;0;6;1;16;9;-1;2013-12-14 09:58:35
19;DAU2013;3I;0;19;1;16;9;-1;2013-12-14 10:02:25
20;DAU2013;4J;0;29;0;-1;-1;-1;NULL
21;DAU2013;1I;0;28;1;15;10;-1;2013-12-14 09:56:41
22;DAU2013;2I;0;2;1;13;12;-1;2013-12-14 09:58:30
23;DAU2013;3I;0;12;1;16;9;-1;2013-12-14 10:02:27
24;DAU2013;4I;0;17;0;-1;-1;-1;NULL
25;DAU2013;1I;0;3;1;13;12;-1;2013-12-14 10:24:50
26;DAU2013;2I;0;10;1;12;13;-1;2013-12-14 10:20:07
27;DAU2013;3C;0;1;1;13;12;-1;2013-12-14 10:22:21
28;DAU2013;4I;0;18;1;9;16;-1;2013-12-14 10:14:34
29;DAU2013;1I;0;30;1;16;8;-1;2013-12-14 10:15:00
30;DAU2013;2I;0;12;1;17;8;-1;2013-12-14 10:20:36
31;DAU2013;3I;0;5;1;13;12;-1;2013-12-14 10:29:07
32;DAU2013;4J;0;28;1;12;13;-1;2013-12-14 10:24:22
33;DAU2013;1I;0;10;1;12;13;-1;2013-12-14 10:14:12
34;DAU2013;2I;0;26;1;13;12;-1;2013-12-14 10:16:37
35;DAU2013;3C;0;21;1;10;15;-1;2013-12-14 10:18:48
36;DAU2013;4J;0;22;1;18;7;-1;2013-12-14 10:20:30
37;DAU2013;1C;0;27;1;16;9;-1;2013-12-14 10:20:58
38;DAU2013;2C;0;30;0;-1;-1;-1;NULL
39;DAU2013;3I;0;26;0;-1;-1;-1;NULL
40;DAU2013;4I;0;15;0;-1;-1;-1;NULL
41;DAU2013;1C;0;19;1;14;11;-1;2013-12-14 11:21:48
42;DAU2013;2C;0;2;1;10;15;-1;2013-12-14 11:18:06
43;DAU2013;3C;0;13;1;15;9;-1;2013-12-14 11:15:53
44;DAU2013;4C;0;6;1;10;15;-1;2013-12-14 10:18:51
45;DAU2013;1I;0;25;1;12;13;-1;2013-12-14 10:36:12
46;DAU2013;2I;0;26;0;-1;-1;-1;NULL
47;DAU2013;3I;0;23;0;-1;-1;-1;NULL
48;DAU2013;4I;0;18;0;-1;-1;-1;NULL
49;DAU2013;1I;0;9;1;16;9;-1;2013-12-14 10:51:51
50;DAU2013;2I;0;29;1;16;9;-1;2013-12-14 10:54:18
51;DAU2013;3I;0;16;1;17;8;-1;2013-12-14 10:57:36
52;DAU2013;4C;0;2;1;15;10;-1;2013-12-14 10:59:18
53;DAU2013;1C;0;15;1;14;11;-1;2013-12-14 10:50:33
54;DAU2013;2C;0;12;1;12;13;-1;2013-12-14 10:53:17
55;DAU2013;3I;0;14;1;16;9;-1;2013-12-14 10:55:47
56;DAU2013;4I;0;19;1;13;12;-1;2013-12-14 10:57:48
57;DAU2013;1I;0;28;1;13;11;-1;2013-12-14 10:57:39
58;DAU2013;2I;0;1;1;18;7;-1;2013-12-14 11:03:04
59;DAU2013;3C;0;6;1;12;13;-1;2013-12-14 10:54:03
60;DAU2013;4C;0;8;1;16;9;-1;2013-12-14 11:05:22
61;DAU2013;1C;0;21;1;12;13;-1;2013-12-14 10:51:30
62;DAU2013;2C;0;24;1;12;13;-1;2013-12-14 10:53:53
63;DAU2013;3I;0;3;1;10;15;-1;2013-12-14 10:56:24
64;DAU2013;4I;0;18;1;12;13;-1;2013-12-14 10:59:31
65;DAU2013;1C;0;28;1;15;10;-1;2013-12-14 10:51:44
66;DAU2013;2C;0;24;1;14;11;-1;2013-12-14 10:53:30
67;DAU2013;3C;0;15;1;10;15;-1;2013-12-14 10:56:56
68;DAU2013;4I;0;14;1;12;13;-1;2013-12-14 10:59:13
69;DAU2013;1C;0;19;0;-1;-1;-1;NULL
70;DAU2013;2C;0;18;1;14;11;-1;2013-12-14 10:54:13
71;DAU2013;3I;0;25;0;-1;-1;-1;NULL
72;DAU2013;4C;0;5;0;-1;-1;-1;NULL
73;DAU2013;1I;0;29;0;-1;-1;-1;NULL
74;DAU2013;2I;0;5;0;-1;-1;-1;NULL
75;DAU2013;3C;0;12;0;-1;-1;-1;NULL
76;DAU2013;4I;0;14;0;-1;-1;-1;NULL
77;DAU2013;1C;0;24;0;-1;-1;-1;NULL
78;DAU2013;2C;0;13;1;13;12;-1;2013-12-14 11:04:35
79;DAU2013;3I;0;20;0;-1;-1;-1;NULL
80;DAU2013;4J;0;27;0;-1;-1;-1;NULL
81;DAU2013;1I;0;3;0;-1;-1;-1;NULL
82;DAU2013;2I;0;20;0;-1;-1;-1;NULL
83;DAU2013;3C;0;11;0;-1;-1;-1;NULL
84;DAU2013;4I;0;14;0;-1;-1;-1;NULL
85;DAU2013;1I;0;24;1;11;12;-1;2013-12-14 11:39:59
86;DAU2013;2I;0;1;1;16;9;-1;2013-12-14 11:20:41
87;DAU2013;3C;0;30;1;13;12;-1;2013-12-14 11:23:42
88;DAU2013;4J;0;21;1;9;16;-1;2013-12-14 11:27:02
89;DAU2013;1I;0;18;0;-1;-1;-1;NULL
90;DAU2013;2I;0;8;1;11;14;-1;2013-12-14 11:22:42
91;DAU2013;3I;0;2;0;-1;-1;-1;NULL
92;DAU2013;4C;0;4;0;-1;-1;-1;NULL
93;DAU2013;1I;0;26;1;14;11;-1;2013-12-14 11:34:22
94;DAU2013;2I;0;27;1;15;9;-1;2013-12-14 11:30:38
95;DAU2013;3C;0;11;1;8;17;-1;2013-12-14 11:36:35
96;DAU2013;4C;0;6;1;14;11;-1;2013-12-14 11:40:30
97;DAU2013;1I;0;1;1;11;14;-1;2013-12-14 11:21:43
98;DAU2013;2I;0;12;1;16;9;-1;2013-12-14 11:23:14
99;DAU2013;3I;0;14;1;16;9;-1;2013-12-14 11:24:30
100;DAU2013;4I;0;17;1;10;15;-1;2013-12-14 11:25:39
101;DAU2013;1C;0;3;1;10;15;-1;2013-12-14 11:28:00
102;DAU2013;2C;0;12;1;15;10;-1;2013-12-14 11:30:24
103;DAU2013;3C;0;5;1;13;12;-1;2013-12-14 11:38:31
104;DAU2013;4C;0;7;1;12;13;-1;2013-12-14 11:41:20
105;DAU2013;1I;0;28;1;13;10;-1;2013-12-14 11:27:32
106;DAU2013;2I;0;11;1;13;14;-1;2013-12-14 11:33:57
107;DAU2013;3I;0;9;1;17;8;-1;2013-12-14 11:41:04
108;DAU2013;4C;0;1;1;13;12;-1;2013-12-14 11:45:33
109;DAU2013;1C;0;9;1;18;7;-1;2013-12-14 11:39:58
110;DAU2013;2C;0;24;1;12;13;-1;2013-12-14 11:41:41
111;DAU2013;3C;0;26;1;11;14;-1;2013-12-14 11:42:57
112;DAU2013;4J;0;30;1;20;9;-1;2013-12-14 11:38:06
113;DAU2013;1C;0;26;1;10;15;-1;2013-12-14 11:40:04
114;DAU2013;2C;0;25;1;15;10;-1;2013-12-14 11:44:08
115;DAU2013;3C;0;20;1;9;16;-1;2013-12-14 11:47:25
116;DAU2013;4J;0;22;1;13;12;-1;2013-12-14 11:49:52
117;DAU2013;1I;0;15;0;-1;-1;-1;NULL
118;DAU2013;2I;0;4;0;-1;-1;-1;NULL
119;DAU2013;3C;0;30;0;-1;-1;-1;NULL
120;DAU2013;4I;0;17;0;-1;-1;-1;NULL
121;DAU2013;1C;0;3;1;14;11;-1;2013-12-14 11:47:11
122;DAU2013;2C;0;8;0;-1;-1;-1;NULL
123;DAU2013;3I;0;27;0;-1;-1;-1;NULL
124;DAU2013;4I;0;14;0;-1;-1;-1;NULL
125;DAU2013;1I;0;29;1;13;12;-1;2013-12-14 12:16:53
126;DAU2013;2I;0;20;1;15;10;-1;2013-12-14 12:18:43
127;DAU2013;3C;0;13;1;9;16;-1;2013-12-14 12:14:54
128;DAU2013;4J;0;22;1;16;9;-1;2013-12-14 12:12:32
129;DAU2013;1C;0;30;1;16;9;-1;2013-12-14 12:27:39
130;DAU2013;2C;0;2;1;11;11;-1;2013-12-14 12:21:15
131;DAU2013;3C;0;11;1;15;10;-1;2013-12-14 12:33:54
132;DAU2013;4I;0;13;1;13;12;-1;2013-12-14 12:29:59
133;DAU2013;1C;0;29;1;11;14;-1;2013-12-14 12:22:27
134;DAU2013;2C;0;2;1;13;12;-1;2013-12-14 12:24:58
135;DAU2013;3C;0;17;0;-1;-1;-1;NULL
136;DAU2013;4C;0;9;0;-1;-1;-1;NULL
137;DAU2013;1C;0;30;0;-1;-1;-1;NULL
138;DAU2013;2C;0;15;0;-1;-1;-1;NULL
139;DAU2013;3C;0;1;0;-1;-1;-1;NULL
140;DAU2013;4C;0;9;0;-1;-1;-1;NULL
141;DAU2013;1C;0;26;1;14;11;-1;2013-12-14 12:50:20
142;DAU2013;2C;0;19;1;12;13;-1;2013-12-14 12:52:03
143;DAU2013;3C;0;6;1;17;8;-1;2013-12-14 12:53:47
144;DAU2013;4J;0;25;1;11;14;-1;2013-12-14 12:55:37
145;DAU2013;1C;0;7;1;15;10;-1;2013-12-14 12:55:15
146;DAU2013;2C;0;11;1;14;11;-1;2013-12-14 12:57:43
147;DAU2013;3C;0;26;1;14;11;-1;2013-12-14 13:00:54
148;DAU2013;4J;0;24;1;9;16;-1;2013-12-14 13:02:16
149;DAU2013;1C;0;17;1;13;12;-1;2013-12-14 13:22:49
150;DAU2013;2C;0;5;1;10;15;-1;2013-12-14 13:25:21
151;DAU2013;3I;0;25;1;13;12;-1;2013-12-14 13:28:14
152;DAU2013;4C;0;1;1;11;14;-1;2013-12-14 13:30:47
153;DAU2013;1I;0;28;1;12;13;-1;2013-12-14 13:26:44
154;DAU2013;2I;0;22;1;18;7;-1;2013-12-14 13:29:52
155;DAU2013;3I;0;2;1;12;13;-1;2013-12-14 13:32:32
156;DAU2013;4J;0;29;1;15;10;-1;2013-12-14 13:34:11
157;DAU2013;1C;0;7;1;13;12;-1;2013-12-14 13:29:20
158;DAU2013;2C;0;1;1;15;10;-1;2013-12-14 13:31:55
159;DAU2013;3C;0;20;1;12;13;-1;2013-12-14 13:35:01
160;DAU2013;4I;0;12;1;12;13;-1;2013-12-14 13:38:26
161;DAU2013;1C;0;23;1;14;11;-1;2013-12-14 13:50:25
162;DAU2013;2C;0;6;1;14;11;-1;2013-12-14 13:42:40
163;DAU2013;3C;0;8;1;12;13;-1;2013-12-14 13:47:09
164;DAU2013;4I;0;19;1;11;14;-1;2013-12-14 13:53:30
165;DAU2013;1I;0;22;1;17;7;-1;2013-12-14 13:48:33
166;DAU2013;2I;0;30;1;18;7;-1;2013-12-14 13:46:03
167;DAU2013;3C;0;3;1;12;13;-1;2013-12-14 13:51:08
168;DAU2013;4I;0;12;1;9;16;-1;2013-12-14 13:43:36
169;DAU2013;1I;0;20;0;-1;-1;-1;NULL
170;DAU2013;2I;0;17;0;-1;-1;-1;NULL
171;DAU2013;3I;0;11;1;8;17;-1;2013-12-14 15:41:29
172;DAU2013;4J;0;25;1;12;12;-1;2013-12-14 15:37:50
173;DAU2013;1I;0;27;1;19;6;-1;2013-12-14 15:40:49
174;DAU2013;2I;0;24;1;16;9;-1;2013-12-14 15:39:37
175;DAU2013;3I;0;18;1;12;13;-1;2013-12-14 15:37:54
176;DAU2013;4J;0;29;1;16;9;-1;2013-12-14 15:35:26
177;DAU2013;1C;0;21;1;12;13;-1;2013-12-14 15:53:54
178;DAU2013;2C;0;17;1;12;13;-1;2013-12-14 15:57:50
179;DAU2013;3I;0;23;1;9;15;-1;2013-12-14 16:01:37
180;DAU2013;4I;0;13;0;-1;-1;-1;NULL
181;DAU2013;1I;0;19;1;18;7;-1;2013-12-14 15:54:06
182;DAU2013;2I;0;13;1;14;11;-1;2013-12-14 15:57:31
183;DAU2013;3C;0;24;1;12;13;-1;2013-12-14 16:00:23
184;DAU2013;4I;0;16;1;14;11;-1;2013-12-14 16:02:18
185;DAU2013;1C;0;21;1;15;10;-1;2013-12-14 15:59:27
186;DAU2013;2C;0;15;1;10;15;-1;2013-12-14 16:00:15
187;DAU2013;3C;0;12;1;10;15;-1;2013-12-14 16:01:00
188;DAU2013;4I;0;18;1;11;14;-1;2013-12-14 16:01:45
189;DAU2013;1I;0;26;1;15;9;-1;2013-12-14 16:00:55
190;DAU2013;2I;0;29;1;15;10;-1;2013-12-14 16:04:08
191;DAU2013;3C;0;8;1;12;13;-1;2013-12-14 16:07:08
192;DAU2013;4J;0;23;1;14;11;-1;2013-12-14 16:09:27
193;DAU2013;1I;0;6;1;12;12;-1;2013-12-14 16:01:40
194;DAU2013;2I;0;29;1;15;10;-1;2013-12-14 16:06:57
195;DAU2013;3I;0;26;1;12;13;-1;2013-12-14 16:09:35
196;DAU2013;4C;0;9;1;12;13;-1;2013-12-14 16:10:58
197;DAU2013;1C;0;26;1;12;13;-1;2013-12-14 16:00:46
198;DAU2013;2C;0;17;1;13;12;-1;2013-12-14 16:02:36
199;DAU2013;3C;0;9;1;13;12;-1;2013-12-14 16:04:54
200;DAU2013;4C;0;6;1;13;12;-1;2013-12-14 16:06:53
201;DAU2013;1C;0;23;1;12;13;-1;2013-12-14 16:05:48
202;DAU2013;2C;0;15;1;13;12;-1;2013-12-14 16:01:57
203;DAU2013;3I;0;24;1;14;11;-1;2013-12-14 16:09:24
204;DAU2013;4C;0;7;0;-1;-1;-1;NULL
205;DAU2013;1I;0;11;1;17;8;-1;2013-12-14 16:06:27
206;DAU2013;2I;0;6;1;8;17;-1;2013-12-14 16:11:49
207;DAU2013;3C;0;2;1;10;15;-1;2013-12-14 16:15:26
208;DAU2013;4J;0;22;1;18;7;-1;2013-12-14 16:03:14
209;DAU2013;1I;0;10;1;15;8;-1;2013-12-14 16:02:47
210;DAU2013;2I;0;16;1;17;8;-1;2013-12-14 16:06:27
211;DAU2013;3C;0;5;1;13;12;-1;2013-12-14 16:09:56
212;DAU2013;4I;0;20;1;12;13;-1;2013-12-14 16:11:53
213;DAU2013;1I;0;24;1;12;13;-1;2013-12-14 16:03:47
214;DAU2013;2I;0;15;1;12;13;-1;2013-12-14 16:05:13
215;DAU2013;3I;0;9;1;13;12;-1;2013-12-14 16:06:35
216;DAU2013;4J;0;22;1;16;9;-1;2013-12-14 16:07:43
217;DAU2013;1I;0;18;1;13;11;-1;2013-12-14 16:05:45
218;DAU2013;2I;0;9;1;17;8;-1;2013-12-14 16:09:07
219;DAU2013;3I;0;11;1;9;16;-1;2013-12-14 16:11:39
220;DAU2013;4J;0;29;1;14;11;-1;2013-12-14 16:13:52
221;DAU2013;1I;0;30;1;14;10;-1;2013-12-14 16:07:39
222;DAU2013;2I;0;17;1;9;16;-1;2013-12-14 16:11:10
223;DAU2013;3I;0;13;1;11;14;-1;2013-12-14 16:15:31
224;DAU2013;4J;0;28;1;12;13;-1;2013-12-14 16:18:43
225;DAU2013;1I;0;11;1;18;7;-1;2013-12-14 16:17:54
226;DAU2013;2I;0;18;1;13;12;-1;2013-12-14 16:13:47
227;DAU2013;3I;0;7;1;12;13;-1;2013-12-14 16:25:54
228;DAU2013;4C;0;4;1;12;13;-1;2013-12-14 16:22:09
229;DAU2013;1C;0;12;1;14;11;-1;2013-12-14 16:37:00
230;DAU2013;2C;0;10;1;14;11;-1;2013-12-14 16:31:25
231;DAU2013;3I;0;18;1;14;11;-1;2013-12-14 16:28:11
232;DAU2013;4I;0;17;1;10;15;-1;2013-12-14 16:20:44
233;DAU2013;1C;0;5;1;14;11;-1;2013-12-14 16:17:32
234;DAU2013;2C;0;28;1;14;11;-1;2013-12-14 16:14:37
235;DAU2013;3C;0;25;1;14;11;-1;2013-12-14 16:20:10
236;DAU2013;4J;0;24;1;13;12;-1;2013-12-14 16:21:17
237;DAU2013;1I;0;8;1;12;10;-1;2013-12-14 16:24:46
238;DAU2013;2I;0;9;1;11;14;-1;2013-12-14 16:29:30
239;DAU2013;3C;0;26;1;13;12;-1;2013-12-14 16:31:30
240;DAU2013;4I;0;17;1;15;10;-1;2013-12-14 16:32:48
241;DAU2013;1I;0;22;0;-1;-1;-1;NULL
242;DAU2013;2I;0;7;0;-1;-1;-1;NULL
243;DAU2013;3C;0;29;0;-1;-1;-1;NULL
244;DAU2013;4J;0;27;0;-1;-1;-1;NULL
245;DAU2013;1C;0;29;1;15;10;-1;2013-12-14 16:30:44
246;DAU2013;2C;0;25;1;16;9;-1;2013-12-14 16:33:03
247;DAU2013;3I;0;18;1;15;10;-1;2013-12-14 16:35:35
248;DAU2013;4C;0;2;1;13;12;-1;2013-12-14 16:38:33
249;DAU2013;1I;0;23;0;-1;-1;-1;NULL
250;DAU2013;2I;0;16;0;-1;-1;-1;NULL
251;DAU2013;3I;0;13;0;-1;-1;-1;NULL
252;DAU2013;4J;0;26;0;-1;-1;-1;NULL
253;DAU2013;1I;0;8;1;16;9;-1;2013-12-14 16:34:39
254;DAU2013;2I;0;3;1;13;12;-1;2013-12-14 16:36:21
255;DAU2013;3I;0;15;1;12;13;-1;2013-12-14 16:37:56
256;DAU2013;4C;0;6;1;16;9;-1;2013-12-14 16:39:03
257;DAU2013;1I;0;1;1;13;12;-1;2013-12-14 16:49:29
258;DAU2013;2I;0;15;1;15;10;-1;2013-12-14 16:44:27
259;DAU2013;3C;0;14;1;13;12;-1;2013-12-14 16:52:55
260;DAU2013;4C;0;3;1;8;17;-1;2013-12-14 16:54:35
261;DAU2013;1I;0;13;1;16;9;-1;2013-12-15 16:49:15
262;DAU2013;2I;0;27;1;12;13;-1;2013-12-15 16:45:48
263;DAU2013;3I;0;30;1;15;10;-1;2013-12-15 16:41:56
264;DAU2013;4C;0;4;1;18;7;-1;2013-12-14 16:41:51
265;DAU2013;1I;0;1;1;12;12;-1;2013-12-14 17:26:16
266;DAU2013;2I;0;2;0;-1;-1;-1;NULL
267;DAU2013;3C;0;14;1;10;15;-1;2013-12-14 17:29:33
268;DAU2013;4I;0;20;1;15;10;-1;2013-12-14 16:44:28
269;DAU2013;1C;0;22;0;-1;-1;-1;NULL
270;DAU2013;2C;0;25;0;-1;-1;-1;NULL
271;DAU2013;3I;0;2;0;-1;-1;-1;NULL
272;DAU2013;4C;0;10;1;10;15;-1;2013-12-14 16:45:50
273;DAU2013;1C;0;27;1;17;8;-1;2013-12-14 16:43:40
274;DAU2013;2C;0;15;1;14;11;-1;2013-12-14 16:46:20
275;DAU2013;3C;0;18;1;13;12;-1;2013-12-14 16:51:22
276;DAU2013;4J;0;28;1;11;14;-1;2013-12-14 16:48:21
277;DAU2013;1C;0;21;1;14;11;-1;2013-12-14 16:52:01
278;DAU2013;2C;0;22;1;16;9;-1;2013-12-14 16:55:19
279;DAU2013;3I;0;10;1;15;10;-1;2013-12-14 17:00:25
280;DAU2013;4I;0;18;1;10;15;-1;2013-12-14 17:04:52
281;DAU2013;1I;0;3;1;11;14;-1;2013-12-14 16:54:36
282;DAU2013;2I;0;29;1;10;14;-1;2013-12-14 16:52:56
283;DAU2013;3C;0;4;1;13;12;-1;2013-12-14 16:56:15
284;DAU2013;4J;0;21;1;14;10;-1;2013-12-14 16:58:57
285;DAU2013;1I;0;16;1;11;12;-1;2013-12-14 17:05:22
286;DAU2013;2I;0;17;1;9;16;-1;2013-12-14 16:55:37
287;DAU2013;3I;0;8;1;12;13;-1;2013-12-14 16:59:39
288;DAU2013;4J;0;22;1;16;9;-1;2013-12-14 17:02:59
289;DAU2013;1I;0;23;1;14;11;-1;2013-12-14 16:58:14
290;DAU2013;2I;0;12;1;16;9;-1;2013-12-14 16:56:24
291;DAU2013;3I;0;29;1;16;9;-1;2013-12-14 17:01:09
292;DAU2013;4J;0;27;1;15;10;-1;2013-12-14 16:53:58
293;DAU2013;1C;0;4;0;-1;-1;-1;NULL
294;DAU2013;2C;0;9;1;17;8;-1;2013-12-14 17:01:07
295;DAU2013;3I;0;1;1;15;10;-1;2013-12-14 17:05:28
296;DAU2013;4J;0;29;1;15;10;-1;2013-12-14 17:03:36
297;DAU2013;1C;0;4;1;15;10;-1;2013-12-14 17:03:17
298;DAU2013;2C;0;18;1;11;14;-1;2013-12-14 17:05:51
299;DAU2013;3C;0;8;1;13;12;-1;2013-12-14 17:09:03
300;DAU2013;4C;0;9;1;14;11;-1;2013-12-14 17:11:05
301;DAU2013;1I;0;1;1;15;9;-1;2013-12-14 17:01:29
302;DAU2013;2I;0;29;1;15;10;-1;2013-12-14 17:08:13
303;DAU2013;3C;0;22;1;12;13;-1;2013-12-14 17:10:23
304;DAU2013;4C;0;8;1;15;10;-1;2013-12-14 17:12:33
305;DAU2013;1I;0;27;1;15;10;-1;2013-12-14 17:08:28
306;DAU2013;2I;0;14;1;13;12;-1;2013-12-14 17:12:36
307;DAU2013;3C;0;25;1;16;9;-1;2013-12-14 17:15:38
308;DAU2013;4I;0;11;1;13;12;-1;2013-12-14 17:17:15
309;DAU2013;1I;0;2;1;12;12;-1;2013-12-14 17:09:14
310;DAU2013;2I;0;29;1;11;14;-1;2013-12-14 17:12:36
311;DAU2013;3C;0;8;1;12;13;-1;2013-12-14 17:14:32
312;DAU2013;4C;0;3;1;7;18;-1;2013-12-14 17:16:11
313;DAU2013;1C;0;27;0;-1;-1;-1;NULL
314;DAU2013;2C;0;28;0;-1;-1;-1;NULL
315;DAU2013;3C;0;26;0;-1;-1;-1;NULL
316;DAU2013;4I;0;14;0;-1;-1;-1;NULL
317;DAU2013;1C;0;9;1;15;10;-1;2013-12-14 17:29:26
318;DAU2013;2C;0;15;1;9;16;-1;2013-12-14 17:31:08
319;DAU2013;3C;0;23;1;15;10;-1;2013-12-14 17:33:08
320;DAU2013;4C;0;5;1;15;10;-1;2013-12-14 17:36:11
321;DAU2013;1C;0;30;1;14;11;-1;2013-12-14 17:26:59
322;DAU2013;2C;0;24;1;14;11;-1;2013-12-14 17:29:41
323;DAU2013;3C;0;8;1;8;17;-1;2013-12-14 17:32:25
324;DAU2013;4C;0;7;1;16;9;-1;2013-12-14 17:34:25
325;DAU2013;1I;0;21;1;12;13;-1;2013-12-14 17:31:32
326;DAU2013;2I;0;26;1;13;12;-1;2013-12-14 17:28:34
327;DAU2013;3C;0;15;1;13;12;-1;2013-12-14 17:35:12
328;DAU2013;4C;0;9;1;11;14;-1;2013-12-14 17:37:50
329;DAU2013;1C;0;7;1;11;14;-1;2013-12-14 17:25:46
330;DAU2013;2C;0;15;1;12;13;-1;2013-12-14 17:27:32
331;DAU2013;3C;0;22;1;6;19;-1;2013-12-14 17:29:08
332;DAU2013;4C;0;9;1;14;11;-1;2013-12-14 17:30:37
333;DAU2013;1C;0;30;1;16;9;-1;2013-12-14 17:31:17
334;DAU2013;2C;0;9;1;17;8;-1;2013-12-14 17:29:46
335;DAU2013;3C;0;3;1;8;17;-1;2013-12-14 17:32:56
336;DAU2013;4J;0;22;1;13;12;-1;2013-12-14 17:28:01
337;DAU2013;1C;0;17;1;14;11;-1;2013-12-14 17:29:32
338;DAU2013;2C;0;27;0;-1;-1;-1;NULL
339;DAU2013;3C;0;8;0;-1;-1;-1;NULL
340;DAU2013;4J;0;24;0;-1;-1;-1;NULL
341;DAU2013;1C;0;19;1;14;11;-1;2013-12-14 17:35:40
342;DAU2013;2C;0;14;1;13;12;-1;2013-12-14 17:29:07
343;DAU2013;3C;0;26;1;13;12;-1;2013-12-14 17:41:13
344;DAU2013;4C;0;10;1;13;12;-1;2013-12-14 17:45:41
345;DAU2013;1C;0;21;1;16;9;-1;2013-12-14 17:37:54
346;DAU2013;2C;0;13;1;10;15;-1;2013-12-14 17:39:32
347;DAU2013;3C;0;1;1;13;12;-1;2013-12-14 17:27:27
348;DAU2013;4J;0;27;1;15;10;-1;2013-12-14 17:35:53
349;DAU2013;1C;0;22;1;15;10;-1;2013-12-14 17:33:29
350;DAU2013;2C;0;30;1;17;8;-1;2013-12-14 17:28:40
351;DAU2013;3I;0;7;1;12;13;-1;2013-12-14 17:35:49
352;DAU2013;4J;0;29;1;9;16;-1;2013-12-14 17:37:07
353;DAU2013;1I;0;10;1;13;12;-1;2013-12-14 17:37:26
354;DAU2013;2I;0;19;1;15;10;-1;2013-12-14 17:34:54
355;DAU2013;3C;0;6;0;-1;-1;-1;NULL
356;DAU2013;4C;0;7;0;-1;-1;-1;NULL
357;DAU2013;1C;0;18;1;9;16;-1;2013-12-14 17:40:43
358;DAU2013;2C;0;9;1;14;11;-1;2013-12-14 17:35:12
359;DAU2013;3I;0;15;1;15;10;-1;2013-12-14 17:45:09
360;DAU2013;4J;0;25;1;12;13;-1;2013-12-14 17:31:55
361;DAU2013;1C;0;16;1;17;8;-1;2013-12-14 17:33:06
362;DAU2013;2C;0;19;1;12;13;-1;2013-12-14 17:36:33
363;DAU2013;3C;0;29;1;13;12;-1;2013-12-14 17:31:10
364;DAU2013;4J;0;24;1;12;13;-1;2013-12-14 17:38:05
365;DAU2013;1C;0;19;1;12;10;-1;2013-12-14 17:40:33
366;DAU2013;2C;0;21;1;12;13;-1;2013-12-14 17:44:18
367;DAU2013;3I;0;26;1;12;13;-1;2013-12-14 17:48:34
368;DAU2013;4C;0;5;1;14;11;-1;2013-12-14 17:51:44
369;DAU2013;1C;0;14;1;8;17;-1;2013-12-14 18:02:00
370;DAU2013;2C;0;6;1;17;8;-1;2013-12-14 17:53:09
371;DAU2013;3I;0;26;1;14;11;-1;2013-12-14 17:48:39
372;DAU2013;4I;0;16;1;18;7;-1;2013-12-14 17:39:31
373;DAU2013;1C;0;22;1;14;11;-1;2013-12-14 17:34:37
374;DAU2013;2C;0;28;1;15;10;-1;2013-12-14 17:36:15
375;DAU2013;3I;0;13;1;12;13;-1;2013-12-14 17:37:50
376;DAU2013;4I;0;14;1;12;13;-1;2013-12-14 17:40:36
377;DAU2013;1I;0;22;0;-1;-1;-1;NULL
378;DAU2013;2I;0;24;0;-1;-1;-1;NULL
379;DAU2013;3C;0;1;0;-1;-1;-1;NULL
380;DAU2013;4J;0;21;0;-1;-1;-1;NULL
381;DAU2013;1I;0;13;1;14;11;-1;2013-12-14 17:36:32
382;DAU2013;2I;0;9;1;14;11;-1;2013-12-14 17:38:36
383;DAU2013;3I;0;2;1;8;17;-1;2013-12-14 17:40:33
384;DAU2013;4C;0;7;1;14;11;-1;2013-12-14 17:43:09
385;DAU2013;1I;0;15;1;13;12;-1;2013-12-14 17:36:22
386;DAU2013;2I;0;26;1;12;13;-1;2013-12-14 17:37:59
387;DAU2013;3I;0;28;1;13;12;-1;2013-12-14 17:39:54
388;DAU2013;4I;0;18;1;14;11;-1;2013-12-14 17:41:51
389;DAU2013;1C;0;23;0;-1;-1;-1;NULL
390;DAU2013;2C;0;14;0;-1;-1;-1;NULL
391;DAU2013;3I;0;6;0;-1;-1;-1;NULL
392;DAU2013;4J;0;25;0;-1;-1;-1;NULL
393;DAU2013;1I;0;28;1;11;14;-1;2013-12-14 17:42:50
394;DAU2013;2I;0;10;1;14;11;-1;2013-12-14 17:41:00
395;DAU2013;3C;0;21;1;12;13;-1;2013-12-14 17:37:32
396;DAU2013;4J;0;24;1;10;15;-1;2013-12-14 17:34:56
397;DAU2013;1I;0;11;0;-1;-1;-1;NULL
398;DAU2013;2I;0;1;1;11;14;-1;2013-12-14 17:43:23
399;DAU2013;3C;0;29;0;-1;-1;-1;NULL
400;DAU2013;4J;0;26;1;12;13;-1;2013-12-14 17:44:53
401;DAU2013;1I;0;10;0;-1;-1;-1;NULL
402;DAU2013;2I;0;28;0;-1;-1;-1;NULL
403;DAU2013;3C;0;16;1;15;10;-1;2013-12-14 17:48:06
404;DAU2013;4I;0;18;0;-1;-1;-1;NULL
405;DAU2013;1C;0;23;0;-1;-1;-1;NULL
406;DAU2013;2C;0;10;0;-1;-1;-1;NULL
407;DAU2013;3C;0;14;0;-1;-1;-1;NULL
408;DAU2013;4J;0;26;0;-1;-1;-1;NULL
409;DAU2013;1I;0;19;0;-1;-1;-1;NULL
410;DAU2013;2I;0;5;0;-1;-1;-1;NULL
411;DAU2013;3C;0;11;1;14;11;-1;2013-12-14 17:46:17
412;DAU2013;4J;0;30;0;-1;-1;-1;NULL
413;DAU2013;1I;0;14;0;-1;-1;-1;NULL
414;DAU2013;2I;0;3;0;-1;-1;-1;NULL
415;DAU2013;3C;0;16;0;-1;-1;-1;NULL
416;DAU2013;4I;0;15;0;-1;-1;-1;NULL
417;DAU2013;1C;0;26;1;16;9;-1;2013-12-14 17:48:25
418;DAU2013;2C;0;24;0;-1;-1;-1;NULL
419;DAU2013;3C;0;8;0;-1;-1;-1;NULL
420;DAU2013;4J;0;23;0;-1;-1;-1;NULL
421;DAU2013;1C;0;8;0;-1;-1;-1;NULL
422;DAU2013;2C;0;12;0;-1;-1;-1;NULL
423;DAU2013;3C;0;24;1;14;11;-1;2013-12-14 17:47:25
424;DAU2013;4C;0;7;0;-1;-1;-1;NULL
425;DAU2013;1C;0;3;1;12;13;-1;2013-12-14 17:48:59
426;DAU2013;2C;0;13;0;-1;-1;-1;NULL
427;DAU2013;3C;0;15;0;-1;-1;-1;NULL
428;DAU2013;4I;0;11;0;-1;-1;-1;NULL
429;DAU2013;1C;0;1;1;16;9;-1;2013-12-14 17:58:36
430;DAU2013;2C;0;21;1;13;12;-1;2013-12-14 17:56:17
431;DAU2013;3C;0;13;1;16;9;-1;2013-12-14 17:54:09
432;DAU2013;4I;0;18;1;9;16;-1;2013-12-14 17:49:08
433;DAU2013;1I;0;27;0;-1;-1;-1;NULL
434;DAU2013;2I;0;28;0;-1;-1;-1;NULL
435;DAU2013;3I;0;20;0;-1;-1;-1;NULL
436;DAU2013;4I;0;19;1;15;10;-1;2013-12-14 17:52:26
437;DAU2013;1C;0;2;1;9;16;-1;2013-12-14 17:51:59
438;DAU2013;2C;0;10;1;13;12;-1;2013-12-14 17:50:16
439;DAU2013;3I;0;8;1;14;11;-1;2013-12-14 17:46:27
440;DAU2013;4I;0;12;1;17;8;-1;2013-12-14 17:48:46
441;DAU2013;1I;0;22;1;17;8;-1;2013-12-14 17:49:50
442;DAU2013;2I;0;19;1;10;15;-1;2013-12-14 17:52:40
443;DAU2013;3C;0;10;1;10;15;-1;2013-12-14 17:55:11
444;DAU2013;4I;0;18;1;12;13;-1;2013-12-14 17:56:59
445;DAU2013;1I;0;30;1;13;12;-1;2013-12-14 17:49:48
446;DAU2013;2I;0;17;1;8;17;-1;2013-12-14 17:51:08
447;DAU2013;3C;0;10;1;14;11;-1;2013-12-14 17:52:16
448;DAU2013;4C;0;7;1;13;12;-1;2013-12-14 17:53:30
449;DAU2013;1I;0;6;1;16;9;-1;2013-12-14 17:55:45
450;DAU2013;2I;0;15;1;13;12;-1;2013-12-14 17:58:17
451;DAU2013;3I;0;9;1;14;11;-1;2013-12-14 17:59:43
452;DAU2013;4J;0;24;1;16;9;-1;2013-12-14 18:01:10
453;DAU2013;1C;0;5;1;13;10;-1;2013-12-14 18:06:54
454;DAU2013;2C;0;17;0;-1;-1;-1;NULL
455;DAU2013;3I;0;28;0;-1;-1;-1;NULL
456;DAU2013;4J;0;26;0;-1;-1;-1;NULL
457;DAU2013;1I;0;8;1;12;12;-1;2013-12-14 18:01:58
458;DAU2013;2I;0;16;1;12;13;-1;2013-12-14 18:04:23
459;DAU2013;3I;0;23;1;13;12;-1;2013-12-14 18:06:40
460;DAU2013;4J;0;30;1;12;13;-1;2013-12-14 17:59:24
461;DAU2013;1I;0;30;1;18;6;-1;2013-12-14 17:59:52
462;DAU2013;2I;0;14;1;16;9;-1;2013-12-14 18:04:05
463;DAU2013;3I;0;2;1;14;11;-1;2013-12-14 18:07:00
464;DAU2013;4C;0;4;1;13;12;-1;2013-12-14 18:09:18
465;DAU2013;1C;0;15;1;11;14;-1;2013-12-14 18:07:18
466;DAU2013;2C;0;24;1;14;11;-1;2013-12-14 18:10:09
467;DAU2013;3I;0;27;1;16;9;-1;2013-12-14 18:12:16
468;DAU2013;4I;0;20;1;11;14;-1;2013-12-14 18:14:14
469;DAU2013;1C;0;24;1;10;15;-1;2013-12-14 18:03:20
470;DAU2013;2C;0;7;1;14;11;-1;2013-12-14 18:05:10
471;DAU2013;3C;0;8;1;16;9;-1;2013-12-14 18:09:02
472;DAU2013;4J;0;30;1;14;11;-1;2013-12-14 18:11:36
473;DAU2013;1I;0;13;1;13;7;-1;2013-12-14 18:06:19
474;DAU2013;2I;0;5;1;17;8;-1;2013-12-14 18:13:16
475;DAU2013;3C;0;26;1;14;11;-1;2013-12-14 18:17:33
476;DAU2013;4C;0;8;0;-1;-1;-1;NULL
477;DAU2013;1I;0;17;1;12;12;-1;2013-12-14 18:03:06
478;DAU2013;2I;0;30;1;15;10;-1;2013-12-14 18:07:12
479;DAU2013;3I;0;27;1;16;9;-1;2013-12-14 18:09:49
480;DAU2013;4I;0;16;1;10;15;-1;2013-12-14 18:11:44
481;DAU2013;1I;0;2;0;-1;-1;-1;NULL
482;DAU2013;2I;0;26;0;-1;-1;-1;NULL
483;DAU2013;3I;0;22;0;-1;-1;-1;NULL
484;DAU2013;4J;0;21;1;12;13;-1;2013-12-14 18:06:41
485;DAU2013;1I;0;23;1;11;13;-1;2013-12-14 18:10:15
486;DAU2013;2I;0;10;1;15;10;-1;2013-12-14 18:15:30
487;DAU2013;3C;0;14;1;16;9;-1;2013-12-14 18:19:45
488;DAU2013;4J;0;30;1;13;12;-1;2013-12-14 18:24:15
489;DAU2013;1I;0;21;1;14;11;-1;2013-12-14 18:14:31
490;DAU2013;2I;0;11;1;16;9;-1;2013-12-14 18:21:08
491;DAU2013;3C;0;26;1;16;9;-1;2013-12-14 18:24:42
492;DAU2013;4I;0;20;1;9;16;-1;2013-12-14 18:27:55
493;DAU2013;1C;0;17;1;16;9;-1;2013-12-14 18:11:57
494;DAU2013;2C;0;19;1;13;12;-1;2013-12-14 18:13:47
495;DAU2013;3C;0;21;1;14;11;-1;2013-12-14 18:15:14
496;DAU2013;4I;0;20;1;11;14;-1;2013-12-14 18:17:21
497;DAU2013;1C;0;13;1;16;9;-1;2013-12-14 18:18:23
498;DAU2013;2C;0;1;1;10;15;-1;2013-12-14 18:22:05
499;DAU2013;3C;0;30;1;13;12;-1;2013-12-14 18:26:54
500;DAU2013;4C;0;5;1;15;10;-1;2013-12-14 18:31:41
501;DAU2013;1C;0;13;1;11;14;-1;2013-12-14 18:17:45
502;DAU2013;2C;0;18;1;12;13;-1;2013-12-14 18:19:25
503;DAU2013;3C;0;25;1;12;13;-1;2013-12-14 18:20:58
504;DAU2013;4C;0;10;1;12;13;-1;2013-12-14 18:15:08
505;DAU2013;1I;0;25;1;14;11;-1;2013-12-14 18:24:35
506;DAU2013;2I;0;1;1;16;9;-1;2013-12-14 18:21:38
507;DAU2013;3C;0;12;1;8;17;-1;2013-12-14 18:26:12
508;DAU2013;4C;0;8;0;-1;-1;-1;NULL
509;DAU2013;1C;0;2;1;14;11;-1;2013-12-14 18:26:42
510;DAU2013;2C;0;17;1;14;11;-1;2013-12-14 18:25:48
511;DAU2013;3I;0;8;1;14;11;-1;2013-12-14 18:24:37
512;DAU2013;4C;0;9;1;16;9;-1;2013-12-14 18:23:31
513;DAU2013;1C;0;21;1;16;9;-1;2013-12-14 18:34:05
514;DAU2013;2C;0;20;1;12;13;-1;2013-12-14 18:36:39
515;DAU2013;3C;0;12;1;11;14;-1;2013-12-14 18:38:52
516;DAU2013;4C;0;3;1;13;12;-1;2013-12-14 18:45:38
517;DAU2013;1I;0;25;1;10;14;-1;2013-12-14 18:31:07
518;DAU2013;2I;0;27;1;19;6;-1;2013-12-14 18:28:49
519;DAU2013;3C;0;17;1;15;10;-1;2013-12-14 18:35:04
520;DAU2013;4C;0;9;1;13;12;-1;2013-12-14 18:38:05
521;DAU2013;1C;0;17;1;14;11;-1;2013-12-14 18:38:29
522;DAU2013;2C;0;29;1;13;12;-1;2013-12-14 18:40:32
523;DAU2013;3C;0;27;1;16;9;-1;2013-12-14 18:41:41
524;DAU2013;4C;0;2;1;11;14;-1;2013-12-14 18:42:56
525;DAU2013;1I;0;25;1;10;14;-1;2013-12-14 18:51:05
526;DAU2013;2I;0;3;1;14;11;-1;2013-12-14 18:56:35
527;DAU2013;3I;0;10;1;11;14;-1;2013-12-14 18:59:57
528;DAU2013;4I;0;14;1;12;13;-1;2013-12-14 19:03:32
529;DAU2013;1C;0;12;1;14;11;-1;2013-12-14 18:53:51
530;DAU2013;2C;0;3;1;9;16;-1;2013-12-14 18:59:38
531;DAU2013;3C;0;29;1;17;8;-1;2013-12-14 19:04:50
532;DAU2013;4J;0;22;1;19;6;-1;2013-12-14 19:09:04
533;DAU2013;1C;0;19;1;18;7;-1;2013-12-14 18:55:31
534;DAU2013;2C;0;21;1;16;9;-1;2013-12-14 19:00:08
535;DAU2013;3C;0;14;1;12;13;-1;2013-12-14 19:03:59
536;DAU2013;4I;0;11;1;9;16;-1;2013-12-14 19:06:27
537;DAU2013;1I;0;16;1;18;7;-1;2013-12-14 18:52:27
538;DAU2013;2I;0;8;1;17;8;-1;2013-12-14 18:59:55
539;DAU2013;3C;0;25;1;13;12;-1;2013-12-14 19:03:12
540;DAU2013;4J;0;23;1;13;12;-1;2013-12-14 19:06:23
541;DAU2013;1C;0;12;1;14;11;-1;2013-12-14 18:59:57
542;DAU2013;2C;0;30;1;17;8;-1;2013-12-14 19:02:08
543;DAU2013;3I;0;5;1;14;11;-1;2013-12-14 19:03:36
544;DAU2013;4J;0;21;1;11;14;-1;2013-12-14 18:56:44
545;DAU2013;1I;0;5;1;14;10;-1;2013-12-15 16:01:48
546;DAU2013;2I;0;28;1;17;8;-1;2013-12-15 16:06:33
547;DAU2013;3C;0;14;1;11;14;-1;2013-12-15 16:10:37
548;DAU2013;4J;0;26;1;15;10;-1;2013-12-15 16:14:28
549;DAU2013;1C;0;17;1;11;14;-1;2013-12-15 09:52:21
550;DAU2013;2C;0;19;1;15;10;-1;2013-12-15 09:49:27
551;DAU2013;3I;0;27;1;12;13;-1;2013-12-15 09:46:59
552;DAU2013;4I;0;20;1;10;15;-1;2013-12-15 09:42:56
553;DAU2013;1I;0;7;1;12;13;-1;2013-12-15 10:00:42
554;DAU2013;2I;0;26;1;14;11;-1;2013-12-15 10:05:41
555;DAU2013;3C;0;2;1;14;11;-1;2013-12-15 10:07:54
556;DAU2013;4J;0;24;0;-1;-1;-1;NULL
557;DAU2013;1C;0;6;1;16;9;-1;2013-12-15 10:10:11
558;DAU2013;2C;0;27;1;13;12;-1;2013-12-15 10:13:11
559;DAU2013;3C;0;23;1;15;10;-1;2013-12-15 10:17:19
560;DAU2013;4J;0;22;1;16;9;-1;2013-12-15 10:19:41
561;DAU2013;1C;0;17;0;-1;-1;-1;NULL
562;DAU2013;2C;0;28;0;-1;-1;-1;NULL
563;DAU2013;3C;0;5;0;-1;-1;-1;NULL
564;DAU2013;4J;0;26;0;-1;-1;-1;NULL
565;DAU2013;1I;0;28;1;8;17;-1;2013-12-15 10:19:42
566;DAU2013;2I;0;25;1;11;14;-1;2013-12-15 10:18:31
567;DAU2013;3I;0;9;1;13;12;-1;2013-12-15 10:15:46
568;DAU2013;4J;0;26;1;6;19;-1;2013-12-15 10:17:21
569;DAU2013;1I;0;9;0;-1;-1;-1;NULL
570;DAU2013;2I;0;16;0;-1;-1;-1;NULL
571;DAU2013;3C;0;8;1;12;13;-1;2013-12-15 10:18:26
572;DAU2013;4I;0;12;0;-1;-1;-1;NULL
573;DAU2013;1I;0;4;1;9;12;-1;2013-12-15 10:31:11
574;DAU2013;2I;0;15;1;10;14;-1;2013-12-15 10:21:41
575;DAU2013;3I;0;13;1;8;17;-1;2013-12-15 10:36:02
576;DAU2013;4I;0;20;1;13;12;-1;2013-12-15 10:26:52
577;DAU2013;1C;0;9;0;-1;-1;-1;NULL
578;DAU2013;2C;0;14;0;-1;-1;-1;NULL
579;DAU2013;3C;0;1;0;-1;-1;-1;NULL
580;DAU2013;4C;0;5;0;-1;-1;-1;NULL
581;DAU2013;1I;0;16;0;-1;-1;-1;NULL
582;DAU2013;2I;0;5;0;-1;-1;-1;NULL
583;DAU2013;3C;0;4;1;14;10;-1;2013-12-15 10:23:39
584;DAU2013;4I;0;19;0;-1;-1;-1;NULL
585;DAU2013;1I;0;2;1;11;14;-1;2013-12-15 10:19:54
586;DAU2013;2I;0;23;0;-1;-1;-1;NULL
587;DAU2013;3C;0;22;0;-1;-1;-1;NULL
588;DAU2013;4C;0;3;1;12;13;-1;2013-12-15 10:21:17
589;DAU2013;1C;0;29;1;14;11;-1;2013-12-15 10:27:09
590;DAU2013;2C;0;5;1;13;12;-1;2013-12-15 10:29:27
591;DAU2013;3I;0;7;1;14;11;-1;2013-12-15 10:31:58
592;DAU2013;4C;0;10;1;11;14;-1;2013-12-15 10:34:26
593;DAU2013;1I;0;9;1;14;11;-1;2013-12-15 10:26:25
594;DAU2013;2I;0;30;1;15;10;-1;2013-12-15 10:28:46
595;DAU2013;3I;0;29;1;14;11;-1;2013-12-15 10:32:45
596;DAU2013;4C;0;2;1;14;11;-1;2013-12-15 10:31:28
597;DAU2013;1C;0;23;1;14;11;-1;2013-12-15 10:35:35
598;DAU2013;2C;0;14;1;10;15;-1;2013-12-15 10:38:30
599;DAU2013;3I;0;5;1;15;10;-1;2013-12-15 10:44:42
600;DAU2013;4J;0;24;1;14;11;-1;2013-12-15 10:49:33
601;DAU2013;1C;0;19;1;14;11;-1;2013-12-15 10:24:36
602;DAU2013;2C;0;27;1;14;11;-1;2013-12-15 10:27:22
603;DAU2013;3C;0;24;1;15;10;-1;2013-12-15 10:28:57
604;DAU2013;4C;0;7;1;13;12;-1;2013-12-15 10:31:02
605;DAU2013;1I;0;26;1;14;11;-1;2013-12-15 10:26:30
606;DAU2013;2I;0;15;1;8;17;-1;2013-12-15 10:30:14
607;DAU2013;3C;0;27;1;18;7;-1;2013-12-15 10:32:38
608;DAU2013;4I;0;13;1;15;10;-1;2013-12-15 10:35:31
609;DAU2013;1I;0;14;1;10;15;-1;2013-12-15 10:38:08
610;DAU2013;2I;0;7;1;13;12;-1;2013-12-15 10:41:03
611;DAU2013;3C;0;6;1;14;11;-1;2013-12-15 10:43:23
612;DAU2013;4I;0;11;1;12;13;-1;2013-12-15 10:36:09
613;DAU2013;1I;0;24;1;14;10;-1;2013-12-15 10:39:23
614;DAU2013;2I;0;15;1;15;10;-1;2013-12-15 10:49:27
615;DAU2013;3I;0;22;1;18;7;-1;2013-12-15 10:55:31
616;DAU2013;4C;0;4;1;12;13;-1;2013-12-15 10:59:12
617;DAU2013;1C;0;21;1;14;11;-1;2013-12-15 10:37:25
618;DAU2013;2C;0;6;1;14;11;-1;2013-12-15 10:39:15
619;DAU2013;3C;0;22;1;12;13;-1;2013-12-15 10:40:39
620;DAU2013;4C;0;5;1;15;10;-1;2013-12-15 10:41:52
621;DAU2013;1C;0;12;1;16;9;-1;2013-12-15 10:40:43
622;DAU2013;2C;0;26;0;-1;-1;-1;NULL
623;DAU2013;3C;0;10;0;-1;-1;-1;NULL
624;DAU2013;4C;0;9;1;17;8;-1;2013-12-15 10:44:47
625;DAU2013;1I;0;19;1;16;9;-1;2013-12-15 10:46:39
626;DAU2013;2I;0;11;1;12;13;-1;2013-12-15 10:42:13
627;DAU2013;3C;0;20;1;10;15;-1;2013-12-15 10:43:34
628;DAU2013;4C;0;7;1;10;15;-1;2013-12-15 10:45:08
629;DAU2013;1I;0;1;0;-1;-1;-1;NULL
630;DAU2013;2I;0;4;1;10;15;-1;2013-12-15 10:49:25
631;DAU2013;3C;0;24;1;14;11;-1;2013-12-15 10:53:23
632;DAU2013;4I;0;11;1;14;11;-1;2013-12-15 10:46:08
633;DAU2013;1I;0;17;0;-1;-1;-1;NULL
634;DAU2013;2I;0;25;1;12;12;-1;2013-12-15 10:50:05
635;DAU2013;3C;0;15;0;-1;-1;-1;NULL
636;DAU2013;4C;0;4;0;-1;-1;-1;NULL
637;DAU2013;1I;0;6;1;19;6;-1;2013-12-15 10:47:40
638;DAU2013;2I;0;5;1;16;9;-1;2013-12-15 10:53:06
639;DAU2013;3C;0;10;1;16;9;-1;2013-12-15 10:56:45
640;DAU2013;4J;0;24;1;11;14;-1;2013-12-15 11:01:52
641;DAU2013;1I;0;22;0;-1;-1;-1;NULL
642;DAU2013;2I;0;4;0;-1;-1;-1;NULL
643;DAU2013;3C;0;23;0;-1;-1;-1;NULL
644;DAU2013;4J;0;30;0;-1;-1;-1;NULL
645;DAU2013;1C;0;13;1;16;9;-1;2013-12-15 10:50:06
646;DAU2013;2C;0;3;1;15;10;-1;2013-12-15 10:52:01
647;DAU2013;3I;0;5;1;17;8;-1;2013-12-15 10:53:27
648;DAU2013;4C;0;2;1;15;10;-1;2013-12-15 10:54:56
649;DAU2013;1I;0;1;1;14;11;-1;2013-12-15 10:52:46
650;DAU2013;2I;0;29;1;11;14;-1;2013-12-15 10:54:57
651;DAU2013;3C;0;16;1;16;9;-1;2013-12-15 10:56:47
652;DAU2013;4I;0;14;1;12;13;-1;2013-12-15 10:58:27
653;DAU2013;1I;0;12;1;13;12;-1;2013-12-15 11:02:14
654;DAU2013;2I;0;20;0;-1;-1;-1;NULL
655;DAU2013;3C;0;1;0;-1;-1;-1;NULL
656;DAU2013;4C;0;9;1;13;12;-1;2013-12-15 11:05:38
657;DAU2013;1C;0;16;0;-1;-1;-1;NULL
658;DAU2013;2C;0;4;0;-1;-1;-1;NULL
659;DAU2013;3C;0;20;0;-1;-1;-1;NULL
660;DAU2013;4I;0;15;0;-1;-1;-1;NULL
661;DAU2013;1C;0;13;1;15;10;-1;2013-12-15 11:04:12
662;DAU2013;2C;0;3;1;10;15;-1;2013-12-15 11:05:50
663;DAU2013;3I;0;30;1;13;12;-1;2013-12-15 11:10:05
664;DAU2013;4C;0;9;1;15;10;-1;2013-12-15 11:11:42
665;DAU2013;1I;0;8;1;13;11;-1;2013-12-15 10:59:51
666;DAU2013;2I;0;3;0;-1;-1;-1;NULL
667;DAU2013;3C;0;15;0;-1;-1;-1;NULL
668;DAU2013;4J;0;26;0;-1;-1;-1;NULL
669;DAU2013;1I;0;13;1;12;13;-1;2013-12-15 11:11:00
670;DAU2013;2I;0;18;0;-1;-1;-1;NULL
671;DAU2013;3C;0;22;1;19;6;-1;2013-12-15 11:03:03
672;DAU2013;4I;0;15;0;-1;-1;-1;NULL
673;DAU2013;1I;0;5;1;12;12;-1;2013-12-15 11:13:15
674;DAU2013;2I;0;10;1;16;9;-1;2013-12-15 11:08:57
675;DAU2013;3C;0;8;1;8;17;-1;2013-12-15 11:18:15
676;DAU2013;4C;0;6;1;16;9;-1;2013-12-15 11:23:24
677;DAU2013;1C;0;22;0;-1;-1;-1;NULL
678;DAU2013;2C;0;9;0;-1;-1;-1;NULL
679;DAU2013;3I;0;11;0;-1;-1;-1;NULL
680;DAU2013;4J;0;25;0;-1;-1;-1;NULL
681;DAU2013;1C;0;14;1;12;10;-1;2013-12-15 11:37:52
682;DAU2013;2C;0;20;1;10;15;-1;2013-12-15 11:43:16
683;DAU2013;3I;0;18;1;14;11;-1;2013-12-15 11:51:29
684;DAU2013;4C;0;6;1;16;9;-1;2013-12-15 11:59:59
685;DAU2013;1I;0;10;1;17;8;-1;2013-12-15 11:28:33
686;DAU2013;2I;0;8;1;14;11;-1;2013-12-15 11:31:16
687;DAU2013;3I;0;30;1;17;8;-1;2013-12-15 11:33:23
688;DAU2013;4J;0;27;1;16;9;-1;2013-12-15 11:34:56
689;DAU2013;1I;0;2;1;9;16;-1;2013-12-15 11:29:22
690;DAU2013;2I;0;20;1;14;11;-1;2013-12-15 11:32:00
691;DAU2013;3C;0;29;1;13;12;-1;2013-12-15 11:33:58
692;DAU2013;4C;0;4;1;12;13;-1;2013-12-15 11:35:09
693;DAU2013;1C;0;23;1;18;7;-1;2013-12-15 11:31:38
694;DAU2013;2C;0;21;1;10;15;-1;2013-12-15 11:33:31
695;DAU2013;3I;0;19;1;11;14;-1;2013-12-15 11:35:52
696;DAU2013;4C;0;8;1;10;15;-1;2013-12-15 11:37:52
697;DAU2013;1I;0;20;1;11;11;-1;2013-12-15 11:39:37
698;DAU2013;2I;0;30;1;17;8;-1;2013-12-15 11:46:04
699;DAU2013;3C;0;29;1;13;12;-1;2013-12-15 11:49:49
700;DAU2013;4I;0;18;1;14;11;-1;2013-12-15 11:53:05
701;DAU2013;1I;0;24;1;16;9;-1;2013-12-15 11:40:01
702;DAU2013;2I;0;14;1;13;12;-1;2013-12-15 11:48:12
703;DAU2013;3I;0;8;1;11;14;-1;2013-12-15 11:54:22
704;DAU2013;4I;0;17;1;14;11;-1;2013-12-15 11:56:23
705;DAU2013;1C;0;10;1;17;8;-1;2013-12-15 11:41:04
706;DAU2013;2C;0;12;1;14;11;-1;2013-12-15 11:43:58
707;DAU2013;3C;0;30;1;21;4;-1;2013-12-15 11:47:33
708;DAU2013;4C;0;5;1;14;11;-1;2013-12-15 11:50:47
709;DAU2013;1I;0;21;1;17;8;-1;2013-12-15 11:36:59
710;DAU2013;2I;0;30;1;13;12;-1;2013-12-15 11:40:32
711;DAU2013;3I;0;20;1;12;13;-1;2013-12-15 11:43:21
712;DAU2013;4J;0;28;1;13;12;-1;2013-12-15 11:45:28
713;DAU2013;1C;0;25;1;14;11;-1;2013-12-15 11:51:29
714;DAU2013;2C;0;23;1;15;10;-1;2013-12-15 11:48:36
715;DAU2013;3C;0;20;1;6;19;-1;2013-12-15 11:53:19
716;DAU2013;4I;0;11;1;13;12;-1;2013-12-15 11:45:37
717;DAU2013;1C;0;22;1;19;6;-1;2013-12-15 11:55:48
718;DAU2013;2C;0;7;1;14;11;-1;2013-12-15 11:53:46
719;DAU2013;3C;0;26;1;13;11;-1;2013-12-15 11:51:18
720;DAU2013;4C;0;4;1;16;9;-1;2013-12-15 11:47:48
721;DAU2013;1I;0;9;1;12;12;-1;2013-12-15 11:56:28
722;DAU2013;2I;0;18;1;10;15;-1;2013-12-15 11:50:06
723;DAU2013;3I;0;8;1;12;13;-1;2013-12-15 12:03:02
724;DAU2013;4I;0;13;1;15;10;-1;2013-12-15 11:58:52
725;DAU2013;1C;0;30;1;15;10;-1;2013-12-15 11:51:59
726;DAU2013;2C;0;4;1;10;15;-1;2013-12-15 11:54:27
727;DAU2013;3C;0;6;1;14;11;-1;2013-12-15 11:56:59
728;DAU2013;4J;0;23;1;14;11;-1;2013-12-15 11:59:19
729;DAU2013;1I;0;13;0;-1;-1;-1;NULL
730;DAU2013;2I;0;4;0;-1;-1;-1;NULL
731;DAU2013;3I;0;1;1;14;11;-1;2013-12-15 11:54:41
732;DAU2013;4J;0;29;0;-1;-1;-1;NULL
733;DAU2013;1C;0;29;0;-1;-1;-1;NULL
734;DAU2013;2C;0;6;0;-1;-1;-1;NULL
735;DAU2013;3I;0;4;1;8;17;-1;2013-12-15 11:55:41
736;DAU2013;4I;0;19;0;-1;-1;-1;NULL
737;DAU2013;1C;0;24;1;12;13;-1;2013-12-15 11:51:48
738;DAU2013;2C;0;13;1;9;16;-1;2013-12-15 11:52:36
739;DAU2013;3I;0;17;1;9;16;-1;2013-12-15 11:53:18
740;DAU2013;4I;0;15;1;12;13;-1;2013-12-15 11:54:01
741;DAU2013;1C;0;15;1;14;11;-1;2013-12-15 12:01:07
742;DAU2013;2C;0;1;1;11;14;-1;2013-12-15 12:04:13
743;DAU2013;3I;0;23;1;13;12;-1;2013-12-15 12:07:52
744;DAU2013;4C;0;10;1;23;2;-1;2013-12-15 12:11:40
745;DAU2013;1C;0;6;1;13;12;-1;2013-12-15 11:59:19
746;DAU2013;2C;0;1;1;21;4;-1;2013-12-15 12:12:09
747;DAU2013;3C;0;10;1;24;1;-1;2013-12-15 12:18:03
748;DAU2013;4J;0;28;1;11;14;-1;2013-12-15 12:04:05
749;DAU2013;1I;0;13;1;9;14;-1;2013-12-15 11:59:15
750;DAU2013;2I;0;27;1;16;9;-1;2013-12-15 12:01:23
751;DAU2013;3C;0;20;1;12;13;-1;2013-12-15 11:56:43
752;DAU2013;4J;0;30;1;15;10;-1;2013-12-15 12:06:25
753;DAU2013;1I;0;17;1;11;11;-1;2013-12-15 12:01:34
754;DAU2013;2I;0;28;1;15;10;-1;2013-12-15 12:05:56
755;DAU2013;3C;0;14;1;10;15;-1;2013-12-15 12:10:08
756;DAU2013;4C;0;8;1;12;13;-1;2013-12-15 12:12:26
757;DAU2013;1I;0;24;1;14;11;-1;2013-12-15 12:29:25
758;DAU2013;2I;0;14;1;16;9;-1;2013-12-15 12:17:46
759;DAU2013;3C;0;2;1;10;15;-1;2013-12-15 12:35:17
760;DAU2013;4I;0;19;1;12;13;-1;2013-12-15 12:26:02
761;DAU2013;1C;0;29;1;14;11;-1;2013-12-15 12:20:17
762;DAU2013;2C;0;14;1;14;11;-1;2013-12-15 12:17:35
763;DAU2013;3I;0;19;1;16;9;-1;2013-12-15 12:16:03
764;DAU2013;4J;0;28;1;16;9;-1;2013-12-15 12:13:27
765;DAU2013;1C;0;10;1;15;10;-1;2013-12-15 12:22:14
766;DAU2013;2C;0;27;1;15;10;-1;2013-12-15 12:17:51
767;DAU2013;3C;0;13;1;11;13;-1;2013-12-15 12:25:08
768;DAU2013;4J;0;21;1;12;13;-1;2013-12-15 12:26:49
769;DAU2013;1C;0;6;1;11;14;-1;2013-12-15 12:22:02
770;DAU2013;2C;0;7;1;15;10;-1;2013-12-15 12:23:47
771;DAU2013;3I;0;24;1;12;13;-1;2013-12-15 12:29:10
772;DAU2013;4J;0;26;1;17;8;-1;2013-12-15 12:26:20
773;DAU2013;1I;0;29;1;14;11;-1;2013-12-15 12:21:10
774;DAU2013;2I;0;14;0;-1;-1;-1;NULL
775;DAU2013;3C;0;21;0;-1;-1;-1;NULL
776;DAU2013;4I;0;12;0;-1;-1;-1;NULL
777;DAU2013;1C;0;11;1;10;15;-1;2013-12-15 14:43:23
778;DAU2013;2C;0;16;1;19;6;-1;2013-12-15 14:33:16
779;DAU2013;3I;0;29;1;9;16;-1;2013-12-15 12:28:03
780;DAU2013;4I;0;17;1;15;10;-1;2013-12-15 14:38:45
781;DAU2013;1C;0;1;1;15;10;-1;2013-12-15 12:25:29
782;DAU2013;2C;0;10;1;13;12;-1;2013-12-15 12:28:07
783;DAU2013;3I;0;14;0;-1;-1;-1;NULL
784;DAU2013;4J;0;29;0;-1;-1;-1;NULL
785;DAU2013;1C;0;10;1;15;10;-1;2013-12-15 12:35:00
786;DAU2013;2C;0;26;1;14;11;-1;2013-12-15 12:37:45
787;DAU2013;3C;0;13;1;10;15;-1;2013-12-15 12:41:29
788;DAU2013;4C;0;7;0;-1;-1;-1;NULL
789;DAU2013;1I;0;28;0;-1;-1;-1;NULL
790;DAU2013;2I;0;26;1;11;14;-1;2013-12-15 12:38:06
791;DAU2013;3C;0;12;0;-1;-1;-1;NULL
792;DAU2013;4I;0;18;0;-1;-1;-1;NULL
793;DAU2013;1I;0;13;1;13;12;-1;2013-12-15 14:43:46
794;DAU2013;2I;0;28;0;-1;-1;-1;NULL
795;DAU2013;3I;0;25;0;-1;-1;-1;NULL
796;DAU2013;4I;0;15;0;-1;-1;-1;NULL
797;DAU2013;1C;0;16;1;12;13;-1;2013-12-15 12:50:24
798;DAU2013;2C;0;5;1;10;15;-1;2013-12-15 12:52:44
799;DAU2013;3C;0;19;1;9;16;-1;2013-12-15 12:55:45
800;DAU2013;4C;0;9;1;12;13;-1;2013-12-15 12:57:32
801;DAU2013;1C;0;20;1;10;15;-1;2013-12-15 12:45:15
802;DAU2013;2C;0;17;1;12;13;-1;2013-12-15 12:46:59
803;DAU2013;3I;0;2;1;11;14;-1;2013-12-15 12:48:32
804;DAU2013;4J;0;26;1;19;6;-1;2013-12-15 12:49:59
805;DAU2013;1C;0;21;1;16;9;-1;2013-12-15 12:56:16
806;DAU2013;2C;0;10;1;17;8;-1;2013-12-15 12:58:51
807;DAU2013;3I;0;7;1;17;8;-1;2013-12-15 13:02:06
808;DAU2013;4I;0;12;1;16;9;-1;2013-12-15 13:04:16
809;DAU2013;1C;0;12;1;12;13;-1;2013-12-15 12:59:33
810;DAU2013;2C;0;22;0;-1;-1;-1;NULL
811;DAU2013;3C;0;8;0;-1;-1;-1;NULL
812;DAU2013;4I;0;19;0;-1;-1;-1;NULL
813;DAU2013;1C;0;8;1;18;7;-1;2013-12-15 12:55:34
814;DAU2013;2C;0;27;1;8;17;-1;2013-12-15 12:57:08
815;DAU2013;3I;0;13;1;13;12;-1;2013-12-15 12:58:43
816;DAU2013;4I;0;17;1;15;10;-1;2013-12-15 13:00:18
817;DAU2013;1C;0;23;0;-1;-1;-1;NULL
818;DAU2013;2C;0;6;0;-1;-1;-1;NULL
819;DAU2013;3I;0;27;1;14;11;-1;2013-12-15 12:58:30
820;DAU2013;4J;0;26;1;12;13;-1;2013-12-15 13:00:49
821;DAU2013;1I;0;12;1;11;14;-1;2013-12-15 13:20:59
822;DAU2013;2I;0;16;1;11;14;-1;2013-12-15 13:18:03
823;DAU2013;3I;0;3;1;9;16;-1;2013-12-15 13:19:52
824;DAU2013;4I;0;14;1;9;16;-1;2013-12-15 13:22:41
825;DAU2013;1I;0;4;1;8;16;-1;2013-12-15 13:23:27
826;DAU2013;2I;0;18;1;8;17;-1;2013-12-15 13:27:11
827;DAU2013;3I;0;9;1;17;8;-1;2013-12-15 13:30:04
828;DAU2013;4J;0;30;1;12;13;-1;2013-12-15 13:32:42
829;DAU2013;1I;0;15;1;11;14;-1;2013-12-15 13:21:35
830;DAU2013;2I;0;27;1;16;9;-1;2013-12-15 13:24:11
831;DAU2013;3C;0;16;1;15;10;-1;2013-12-15 13:26:13
832;DAU2013;4J;0;23;1;9;16;-1;2013-12-15 13:27:56
833;DAU2013;1C;0;15;1;15;10;-1;2013-12-15 13:28:44
834;DAU2013;2C;0;17;1;11;14;-1;2013-12-15 13:26:25
835;DAU2013;3I;0;7;1;15;10;-1;2013-12-15 13:22:37
836;DAU2013;4C;0;5;1;12;13;-1;2013-12-15 13:24:58
837;DAU2013;1I;0;20;1;17;8;-1;2013-12-15 13:31:21
838;DAU2013;2I;0;14;1;9;16;-1;2013-12-15 13:29:33
839;DAU2013;3I;0;24;1;16;9;-1;2013-12-15 13:26:17
840;DAU2013;4J;0;26;1;8;17;-1;2013-12-15 13:27:31
841;DAU2013;1I;0;25;1;8;15;-1;2013-12-15 13:32:34
842;DAU2013;2I;0;12;0;-1;-1;-1;NULL
843;DAU2013;3C;0;18;0;-1;-1;-1;NULL
844;DAU2013;4J;0;27;0;-1;-1;-1;NULL
845;DAU2013;1C;0;12;1;11;14;-1;2013-12-15 13:39:27
846;DAU2013;2C;0;25;1;14;11;-1;2013-12-15 13:38:01
847;DAU2013;3I;0;9;1;15;10;-1;2013-12-15 13:36:13
848;DAU2013;4I;0;16;1;12;13;-1;2013-12-15 13:34:09
849;DAU2013;1I;0;22;1;19;6;-1;2013-12-15 13:38:33
850;DAU2013;2I;0;5;1;13;12;-1;2013-12-15 13:40:02
851;DAU2013;3I;0;17;1;9;16;-1;2013-12-15 13:43:25
852;DAU2013;4C;0;4;1;11;14;-1;2013-12-15 13:44:52
853;DAU2013;1C;0;12;0;-1;-1;-1;NULL
854;DAU2013;2C;0;22;0;-1;-1;-1;NULL
855;DAU2013;3I;0;8;0;-1;-1;-1;NULL
856;DAU2013;4C;0;10;0;-1;-1;-1;NULL
857;DAU2013;1I;0;6;1;13;12;-1;2013-12-15 13:48:36
858;DAU2013;2I;0;9;1;12;13;-1;2013-12-15 13:47:06
859;DAU2013;3C;0;22;1;16;9;-1;2013-12-15 13:44:10
860;DAU2013;4C;0;2;1;11;14;-1;2013-12-15 13:45:37
861;DAU2013;1I;0;29;1;15;10;-1;2013-12-15 13:51:26
862;DAU2013;2I;0;9;1;13;12;-1;2013-12-15 13:49:53
863;DAU2013;3C;0;18;1;13;12;-1;2013-12-15 13:48:18
864;DAU2013;4I;0;20;1;14;11;-1;2013-12-15 13:46:00
865;DAU2013;1C;0;15;1;12;13;-1;2013-12-15 13:48:07
866;DAU2013;2C;0;14;1;15;10;-1;2013-12-15 13:51:41
867;DAU2013;3I;0;21;1;9;15;-1;2013-12-15 14:06:40
868;DAU2013;4C;0;4;1;10;15;-1;2013-12-15 14:08:52
869;DAU2013;1C;0;2;1;11;14;-1;2013-12-15 13:53:31
870;DAU2013;2C;0;1;1;13;12;-1;2013-12-15 13:52:14
871;DAU2013;3C;0;17;1;11;14;-1;2013-12-15 13:51:00
872;DAU2013;4I;0;15;1;11;14;-1;2013-12-15 13:49:02
873;DAU2013;1C;0;26;0;-1;-1;-1;NULL
874;DAU2013;2C;0;30;1;7;18;-1;2013-12-15 14:02:19
875;DAU2013;3I;0;15;0;-1;-1;-1;NULL
876;DAU2013;4J;0;22;0;-1;-1;-1;NULL
877;DAU2013;1C;0;4;0;-1;-1;-1;NULL
878;DAU2013;2C;0;8;1;9;16;-1;2013-12-15 14:03:01
879;DAU2013;3C;0;2;0;-1;-1;-1;NULL
880;DAU2013;4I;0;13;0;-1;-1;-1;NULL
881;DAU2013;1I;0;13;1;12;13;-1;2013-12-15 14:07:58
882;DAU2013;2I;0;30;1;16;9;-1;2013-12-15 14:11:53
883;DAU2013;3I;0;6;0;-1;-1;-1;NULL
884;DAU2013;4I;0;12;1;12;13;-1;2013-12-15 14:05:39
885;DAU2013;1I;0;11;1;13;11;-1;2013-12-15 14:20:33
886;DAU2013;2I;0;7;1;18;7;-1;2013-12-15 14:24:49
887;DAU2013;3I;0;16;1;11;14;-1;2013-12-15 14:28:36
888;DAU2013;4I;0;13;1;14;11;-1;2013-12-15 14:30:27
889;DAU2013;1I;0;7;0;-1;-1;-1;NULL
890;DAU2013;2I;0;11;1;14;11;-1;2013-12-15 14:26:49
891;DAU2013;3I;0;27;0;-1;-1;-1;NULL
892;DAU2013;4C;0;10;1;15;10;-1;2013-12-15 14:29:56
893;DAU2013;1C;0;23;1;8;17;-1;2013-12-15 14:35:09
894;DAU2013;2C;0;8;1;15;10;-1;2013-12-15 14:37:11
895;DAU2013;3I;0;13;1;12;13;-1;2013-12-15 14:40:36
896;DAU2013;4C;0;2;1;10;15;-1;2013-12-15 14:43:04
897;DAU2013;1C;0;28;0;-1;-1;-1;NULL
898;DAU2013;2C;0;15;0;-1;-1;-1;NULL
899;DAU2013;3I;0;12;0;-1;-1;-1;NULL
900;DAU2013;4C;0;3;0;-1;-1;-1;NULL
901;DAU2013;1I;0;2;1;12;13;-1;2013-12-15 14:34:41
902;DAU2013;2I;0;26;1;15;10;-1;2013-12-15 14:37:12
903;DAU2013;3C;0;11;1;11;14;-1;2013-12-15 14:40:01
904;DAU2013;4C;0;3;1;15;10;-1;2013-12-15 14:41:05
905;DAU2013;1I;0;24;1;15;10;-1;2013-12-15 14:44:03
906;DAU2013;2I;0;22;1;20;5;-1;2013-12-15 14:41:24
907;DAU2013;3C;0;13;1;13;12;-1;2013-12-15 14:46:21
908;DAU2013;4I;0;17;1;11;12;-1;2013-12-15 14:49:55
909;DAU2013;1I;0;1;1;15;9;-1;2013-12-15 14:47:23
910;DAU2013;2I;0;16;1;16;9;-1;2013-12-15 14:48:41
911;DAU2013;3C;0;15;1;13;12;-1;2013-12-15 14:51:03
912;DAU2013;4C;0;3;1;21;4;-1;2013-12-15 14:52:24
913;DAU2013;1C;0;4;0;-1;-1;-1;NULL
914;DAU2013;2C;0;20;0;-1;-1;-1;NULL
915;DAU2013;3I;0;18;0;-1;-1;-1;NULL
916;DAU2013;4J;0;22;0;-1;-1;-1;NULL
917;DAU2013;1I;0;17;1;9;16;-1;2013-12-15 15:44:21
918;DAU2013;2I;0;21;1;15;10;-1;2013-12-15 15:37:16
919;DAU2013;3I;0;28;1;13;12;-1;2013-12-15 15:42:01
920;DAU2013;4J;0;25;1;12;13;-1;2013-12-15 15:47:10
921;DAU2013;1C;0;13;1;14;10;-1;2013-12-15 15:46:18
922;DAU2013;2C;0;28;1;12;13;-1;2013-12-15 15:50:04
923;DAU2013;3I;0;17;1;14;11;-1;2013-12-15 15:54:36
924;DAU2013;4J;0;21;1;12;13;-1;2013-12-15 15:59:09
925;DAU2013;1I;0;25;1;12;8;-1;2013-12-15 15:40:33
926;DAU2013;2I;0;6;1;14;11;-1;2013-12-15 15:44:14
927;DAU2013;3C;0;5;1;13;12;-1;2013-12-15 15:47:41
928;DAU2013;4C;0;10;1;11;14;-1;2013-12-15 15:50:35
929;DAU2013;1C;0;29;1;16;9;-1;2013-12-15 15:42:46
930;DAU2013;2C;0;27;1;20;5;-1;2013-12-15 15:44:07
931;DAU2013;3I;0;5;1;15;10;-1;2013-12-15 15:45:06
932;DAU2013;4I;0;19;1;12;13;-1;2013-12-15 15:46:04
933;DAU2013;1I;0;15;1;8;17;-1;2013-12-15 15:47:32
934;DAU2013;2I;0;20;1;13;12;-1;2013-12-15 15:43:45
935;DAU2013;3I;0;16;1;13;12;-1;2013-12-15 15:45:55
936;DAU2013;4I;0;12;1;13;12;-1;2013-12-15 15:41:58
937;DAU2013;1C;0;14;1;16;9;-1;2013-12-15 15:46:46
938;DAU2013;2C;0;30;1;17;8;-1;2013-12-15 15:44:49
939;DAU2013;3C;0;29;1;13;12;-1;2013-12-15 15:43:10
940;DAU2013;4J;0;25;1;11;14;-1;2013-12-15 15:41:14
941;DAU2013;1I;0;27;1;14;11;-1;2013-12-15 15:46:03
942;DAU2013;2I;0;3;1;14;11;-1;2013-12-15 15:44:50
943;DAU2013;3I;0;12;1;16;9;-1;2013-12-15 15:43:18
944;DAU2013;4C;0;6;1;13;12;-1;2013-12-15 15:41:24
945;DAU2013;1C;0;16;1;17;8;-1;2013-12-15 15:44:53
946;DAU2013;2C;0;27;1;16;9;-1;2013-12-15 15:46:03
947;DAU2013;3I;0;23;1;17;8;-1;2013-12-15 15:47:28
948;DAU2013;4C;0;10;1;9;16;-1;2013-12-15 15:48:54
949;DAU2013;1C;0;3;1;14;10;-1;2013-12-15 15:49:44
950;DAU2013;2C;0;17;1;13;12;-1;2013-12-15 15:50:49
951;DAU2013;3I;0;10;1;15;10;-1;2013-12-15 15:52:28
952;DAU2013;4J;0;28;1;10;15;-1;2013-12-15 15:53:21
953;DAU2013;1C;0;11;1;10;15;-1;2013-12-15 15:52:03
954;DAU2013;2C;0;19;1;12;13;-1;2013-12-15 15:57:19
955;DAU2013;3C;0;6;1;8;17;-1;2013-12-15 15:56:16
956;DAU2013;4J;0;26;1;16;9;-1;2013-12-15 15:53:55
957;DAU2013;1I;0;3;1;12;13;-1;2013-12-15 15:56:13
958;DAU2013;2I;0;14;1;16;9;-1;2013-12-15 15:55:00
959;DAU2013;3I;0;15;1;9;16;-1;2013-12-15 15:53:37
960;DAU2013;4C;0;6;1;17;8;-1;2013-12-15 15:51:39
961;DAU2013;1C;0;20;1;13;12;-1;2013-12-15 16:01:17
962;DAU2013;2C;0;9;1;13;12;-1;2013-12-15 16:05:32
963;DAU2013;3C;0;22;1;17;8;-1;2013-12-15 16:10:35
964;DAU2013;4I;0;12;1;16;9;-1;2013-12-15 16:13:26
965;DAU2013;1C;0;23;1;13;12;-1;2013-12-15 16:03:20
966;DAU2013;2C;0;12;1;13;12;-1;2013-12-15 16:05:57
967;DAU2013;3C;0;28;1;11;14;-1;2013-12-15 16:10:19
968;DAU2013;4C;0;10;1;12;13;-1;2013-12-15 16:14:36
969;DAU2013;1I;0;4;0;-1;-1;-1;NULL
970;DAU2013;2I;0;14;0;-1;-1;-1;NULL
971;DAU2013;3I;0;5;0;-1;-1;-1;NULL
972;DAU2013;4J;0;28;0;-1;-1;-1;NULL
973;DAU2013;1I;0;4;1;13;10;-1;2013-12-15 16:04:26
974;DAU2013;2I;0;17;1;16;9;-1;2013-12-15 16:00:59
975;DAU2013;3I;0;24;1;15;9;-1;2013-12-15 15:59:36
976;DAU2013;4I;0;20;1;14;11;-1;2013-12-15 15:57:11
977;DAU2013;1I;0;13;0;-1;-1;-1;NULL
978;DAU2013;2I;0;19;1;15;10;-1;2013-12-15 16:02:46
979;DAU2013;3I;0;25;1;11;14;-1;2013-12-15 16:01:25
980;DAU2013;4J;0;24;0;-1;-1;-1;NULL
981;DAU2013;1I;0;21;1;11;14;-1;2013-12-15 16:03:20
982;DAU2013;2I;0;28;1;12;13;-1;2013-12-15 16:01:37
983;DAU2013;3C;0;22;0;-1;-1;-1;NULL
984;DAU2013;4I;0;19;0;-1;-1;-1;NULL
985;DAU2013;1C;0;5;1;15;10;-1;2013-12-15 16:16:41
986;DAU2013;2C;0;7;1;13;12;-1;2013-12-15 16:10:06
987;DAU2013;3I;0;8;1;19;6;-1;2013-12-15 16:12:41
988;DAU2013;4C;0;6;1;13;12;-1;2013-12-15 16:08:26
989;DAU2013;1I;0;7;1;14;11;-1;2013-12-15 16:07:41
990;DAU2013;2I;0;16;1;18;7;-1;2013-12-15 16:05:53
991;DAU2013;3C;0;10;1;14;11;-1;2013-12-15 16:03:49
992;DAU2013;4J;0;23;1;13;12;-1;2013-12-15 16:01:15
993;DAU2013;1C;0;7;1;14;11;-1;2013-12-15 16:02:34
994;DAU2013;2C;0;21;1;14;11;-1;2013-12-15 16:07:29
995;DAU2013;3C;0;10;1;12;13;-1;2013-12-15 16:06:21
996;DAU2013;4C;0;3;1;15;9;-1;2013-12-15 16:05:09
997;DAU2013;1C;0;13;1;11;14;-1;2013-12-15 16:25:35
998;DAU2013;2C;0;15;1;14;11;-1;2013-12-15 16:17:00
999;DAU2013;3I;0;22;1;18;7;-1;2013-12-15 16:14:03
1000;DAU2013;4C;0;5;1;16;9;-1;2013-12-15 16:20:17
1001;DAU2013;1I;0;8;0;-1;-1;-1;NULL
1002;DAU2013;2I;0;14;0;-1;-1;-1;NULL
1003;DAU2013;3I;0;7;1;10;15;-1;2013-12-15 16:17:07
1004;DAU2013;4C;0;9;0;-1;-1;-1;NULL
1005;DAU2013;1I;0;12;1;14;11;-1;2013-12-15 16:14:56
1006;DAU2013;2I;0;13;1;9;16;-1;2013-12-15 16:16:33
1007;DAU2013;3C;0;1;1;18;7;-1;2013-12-15 16:17:43
1008;DAU2013;4C;0;8;1;12;13;-1;2013-12-15 16:19:27
1009;DAU2013;1C;0;6;0;-1;-1;-1;NULL
1010;DAU2013;2C;0;14;0;-1;-1;-1;NULL
1011;DAU2013;3C;0;18;0;-1;-1;-1;NULL
1012;DAU2013;4C;0;10;0;-1;-1;-1;NULL
1013;DAU2013;1C;0;22;1;11;14;-1;2013-12-15 16:21:02
1014;DAU2013;2C;0;2;1;13;12;-1;2013-12-15 16:22:43
1015;DAU2013;3C;0;17;1;13;12;-1;2013-12-15 16:17:27
1016;DAU2013;4I;0;13;1;15;10;-1;2013-12-15 16:19:30
1017;DAU2013;1I;0;21;1;15;10;-1;2013-12-15 16:17:58
1018;DAU2013;2I;0;3;1;11;14;-1;2013-12-15 16:16:21
1019;DAU2013;3I;0;7;1;13;12;-1;2013-12-15 16:20:12
1020;DAU2013;4I;0;12;1;13;12;-1;2013-12-15 16:21:38
1021;DAU2013;1I;0;7;1;13;12;-1;2013-12-15 16:16:48
1022;DAU2013;2I;0;16;1;8;17;-1;2013-12-15 16:17:58
1023;DAU2013;3C;0;28;0;-1;-1;-1;NULL
1024;DAU2013;4C;0;8;0;-1;-1;-1;NULL
1025;DAU2013;1C;0;27;1;17;8;-1;2013-12-15 16:23:59
1026;DAU2013;2C;0;30;1;17;8;-1;2013-12-15 16:26:57
1027;DAU2013;3C;0;7;1;14;11;-1;2013-12-15 16:31:08
1028;DAU2013;4C;0;5;1;14;11;-1;2013-12-15 16:34:26
1029;DAU2013;1I;0;13;1;13;10;-1;2013-12-15 16:26:17
1030;DAU2013;2I;0;14;1;15;10;-1;2013-12-15 16:30:17
1031;DAU2013;3C;0;3;1;10;15;-1;2013-12-15 16:33:26
1032;DAU2013;4I;0;19;1;14;11;-1;2013-12-15 16:37:39
1033;DAU2013;1C;0;7;1;16;9;-1;2013-12-15 16:35:44
1034;DAU2013;2C;0;2;1;14;11;-1;2013-12-15 16:37:27
1035;DAU2013;3I;0;1;1;12;13;-1;2013-12-15 16:39:16
1036;DAU2013;4I;0;18;1;13;12;-1;2013-12-15 16:42:03
1037;DAU2013;1I;0;28;1;13;12;-1;2013-12-15 16:42:13
1038;DAU2013;2I;0;15;1;13;12;-1;2013-12-15 16:49:01
1039;DAU2013;3I;0;27;1;18;7;-1;2013-12-15 16:56:13
1040;DAU2013;4I;0;20;1;9;16;-1;2013-12-15 17:03:30
1041;DAU2013;1C;0;11;1;19;5;-1;2013-12-15 16:44:44
1042;DAU2013;2C;0;7;1;13;12;-1;2013-12-15 16:48:01
1043;DAU2013;3C;0;1;1;13;12;-1;2013-12-15 16:51:00
1044;DAU2013;4I;0;15;1;15;10;-1;2013-12-15 16:55:10
1045;DAU2013;1I;0;14;1;9;15;-1;2013-12-15 16:47:33
1046;DAU2013;2I;0;21;1;13;12;-1;2013-12-15 16:53:20
1047;DAU2013;3C;0;23;1;14;11;-1;2013-12-15 16:55:23
1048;DAU2013;4J;0;27;1;17;8;-1;2013-12-15 16:56:42
1049;DAU2013;1I;0;25;1;12;12;-1;2013-12-15 16:46:33
1050;DAU2013;2I;0;7;1;13;12;-1;2013-12-15 16:51:41
1051;DAU2013;3C;0;14;1;14;11;-1;2013-12-15 16:54:21
1052;DAU2013;4J;0;24;1;12;13;-1;2013-12-15 16:55:58
1053;DAU2013;1C;0;22;1;21;4;-1;2013-12-15 16:46:18
1054;DAU2013;2C;0;16;1;17;8;-1;2013-12-15 16:48:45
1055;DAU2013;3I;0;11;1;11;14;-1;2013-12-15 16:50:36
1056;DAU2013;4J;0;30;1;19;6;-1;2013-12-15 16:54:03
1057;DAU2013;1I;0;4;1;13;11;-1;2013-12-15 16:54:03
1058;DAU2013;2I;0;1;1;15;10;-1;2013-12-15 16:49:28
1059;DAU2013;3C;0;17;1;10;15;-1;2013-12-15 16:58:19
1060;DAU2013;4C;0;7;1;14;11;-1;2013-12-15 16:59:47
1061;DAU2013;1I;0;9;1;13;12;-1;2013-12-15 16:42:29
1062;DAU2013;2I;0;20;1;9;16;-1;2013-12-15 16:45:30
1063;DAU2013;3I;0;5;1;12;12;-1;2013-12-15 16:48:34
1064;DAU2013;4C;0;4;1;12;13;-1;2013-12-15 16:50:11
1065;DAU2013;1C;0;27;1;14;11;-1;2013-12-15 16:44:08
1066;DAU2013;2C;0;2;1;7;18;-1;2013-12-15 16:45:48
1067;DAU2013;3C;0;3;1;10;15;-1;2013-12-15 16:48:31
1068;DAU2013;4C;0;9;1;13;12;-1;2013-12-15 16:49:53
1069;DAU2013;1C;0;17;1;13;12;-1;2013-12-15 16:49:08
1070;DAU2013;2C;0;5;1;11;14;-1;2013-12-15 16:53:24
1071;DAU2013;3I;0;8;1;9;16;-1;2013-12-15 16:57:15
1072;DAU2013;4C;0;10;1;16;9;-1;2013-12-15 17:02:30
1073;DAU2013;1C;0;14;1;15;10;-1;2013-12-15 16:49:43
1074;DAU2013;2C;0;23;1;11;14;-1;2013-12-15 16:47:29
1075;DAU2013;3I;0;19;1;8;17;-1;2013-12-15 16:51:13
1076;DAU2013;4C;0;4;0;-1;-1;-1;NULL
1077;DAU2013;1C;0;3;0;-1;-1;-1;NULL
1078;DAU2013;2C;0;25;1;15;10;-1;2013-12-15 16:48:54
1079;DAU2013;3C;0;8;1;13;12;-1;2013-12-15 16:51:58
1080;DAU2013;4I;0;13;0;-1;-1;-1;NULL
1081;DAU2013;1C;0;4;1;11;14;-1;2013-12-15 16:54:37
1082;DAU2013;2C;0;26;1;12;13;-1;2013-12-15 16:57:03
1083;DAU2013;3C;0;6;1;13;12;-1;2013-12-15 17:01:49
1084;DAU2013;4I;0;14;1;11;14;-1;2013-12-15 17:04:05
1085;DAU2013;1I;0;3;1;13;11;-1;2013-12-15 16:52:23
1086;DAU2013;2I;0;16;1;15;10;-1;2013-12-15 16:58:48
1087;DAU2013;3I;0;24;1;13;12;-1;2013-12-15 17:03:18
1088;DAU2013;4I;0;13;1;14;11;-1;2013-12-15 17:05:32
1089;DAU2013;1C;0;3;1;11;14;-1;2013-12-15 16:58:15
1090;DAU2013;2C;0;9;0;-1;-1;-1;NULL
1091;DAU2013;3C;0;15;0;-1;-1;-1;NULL
1092;DAU2013;4J;0;28;0;-1;-1;-1;NULL
1093;DAU2013;1I;0;27;1;15;10;-1;2013-12-15 17:11:44
1094;DAU2013;2I;0;10;1;17;6;-1;2013-12-15 17:07:03
1095;DAU2013;3I;0;16;1;15;10;-1;2013-12-15 17:09:33
1096;DAU2013;4I;0;18;1;12;13;-1;2013-12-15 17:13:30
1097;DAU2013;1I;0;20;1;8;15;-1;2013-12-15 17:07:31
1098;DAU2013;2I;0;19;1;17;8;-1;2013-12-15 17:12:12
1099;DAU2013;3I;0;1;1;18;7;-1;2013-12-15 17:15:17
1100;DAU2013;4C;0;3;1;8;17;-1;2013-12-15 17:16:45
1101;DAU2013;1C;0;27;1;14;11;-1;2013-12-15 17:12:28
1102;DAU2013;2C;0;12;1;11;14;-1;2013-12-15 17:15:15
1103;DAU2013;3I;0;15;1;12;13;-1;2013-12-15 17:19:39
1104;DAU2013;4I;0;16;1;11;14;-1;2013-12-15 17:22:03
1105;DAU2013;1C;0;25;1;13;12;-1;2013-12-15 17:19:10
1106;DAU2013;2C;0;18;0;-1;-1;-1;NULL
1107;DAU2013;3I;0;12;0;-1;-1;-1;NULL
1108;DAU2013;4C;0;4;1;11;14;-1;2013-12-15 17:22:35
1109;DAU2013;1I;0;25;1;15;10;-1;2013-12-15 17:23:16
1110;DAU2013;2I;0;1;1;17;8;-1;2013-12-15 17:33:37
1111;DAU2013;3I;0;29;1;13;12;-1;2013-12-15 17:39:43
1112;DAU2013;4J;0;23;1;15;10;-1;2013-12-15 17:42:19
1113;DAU2013;1I;0;24;1;11;13;-1;2013-12-15 17:31:06
1114;DAU2013;2I;0;26;1;13;12;-1;2013-12-15 17:35:57
1115;DAU2013;3C;0;15;1;10;15;-1;2013-12-15 17:40:31
1116;DAU2013;4J;0;23;1;13;12;-1;2013-12-15 17:42:00
1117;DAU2013;1C;0;12;1;18;7;-1;2013-12-15 17:26:49
1118;DAU2013;2C;0;30;1;12;13;-1;2013-12-15 17:29:07
1119;DAU2013;3I;0;11;1;11;14;-1;2013-12-15 17:31:46
1120;DAU2013;4J;0;29;1;13;12;-1;2013-12-15 17:34:22
1121;DAU2013;1I;0;2;1;10;14;-1;2013-12-15 17:24:08
1122;DAU2013;2I;0;4;1;10;15;-1;2013-12-15 17:27:15
1123;DAU2013;3C;0;18;0;-1;-1;-1;NULL
1124;DAU2013;4C;0;1;0;-1;-1;-1;NULL
1125;DAU2013;1I;0;11;1;15;9;-1;2013-12-15 17:26:32
1126;DAU2013;2I;0;26;1;11;14;-1;2013-12-15 17:30:58
1127;DAU2013;3I;0;29;1;15;10;-1;2013-12-15 17:34:17
1128;DAU2013;4I;0;16;1;16;9;-1;2013-12-15 17:37:21
1129;DAU2013;1C;0;19;1;11;14;-1;2013-12-15 17:45:18
1130;DAU2013;2C;0;23;1;8;17;-1;2013-12-15 17:33:44
1131;DAU2013;3I;0;17;0;-1;-1;-1;NULL
1132;DAU2013;4C;0;4;1;12;13;-1;2013-12-15 17:39:02
1133;DAU2013;1C;0;1;1;9;16;-1;2013-12-15 17:44:41
1134;DAU2013;2C;0;4;1;10;15;-1;2013-12-15 17:33:42
1135;DAU2013;3C;0;25;1;12;13;-1;2013-12-15 17:48:35
1136;DAU2013;4C;0;7;1;18;7;-1;2013-12-15 17:39:22
1137;DAU2013;1I;0;25;1;15;10;-1;2013-12-15 17:34:37
1138;DAU2013;2I;0;27;1;18;7;-1;2013-12-15 17:38:35
1139;DAU2013;3C;0;12;1;19;6;-1;2013-12-15 17:42:22
1140;DAU2013;4J;0;24;1;16;9;-1;2013-12-15 17:45:12
1141;DAU2013;1I;0;28;1;15;10;-1;2013-12-15 17:39:50
1142;DAU2013;2I;0;9;1;15;10;-1;2013-12-15 17:46:47
1143;DAU2013;3I;0;23;1;15;10;-1;2013-12-15 17:43:48
1144;DAU2013;4J;0;30;1;16;9;-1;2013-12-15 17:49:09
1145;DAU2013;1I;0;26;1;11;13;-1;2013-12-15 17:56:01
1146;DAU2013;2I;0;12;1;14;11;-1;2013-12-15 18:00:07
1147;DAU2013;3I;0;3;1;12;13;-1;2013-12-15 18:02:32
1148;DAU2013;4C;0;10;1;15;10;-1;2013-12-15 18:04:10
1149;DAU2013;1I;0;21;1;12;12;-1;2013-12-15 17:59:12
1150;DAU2013;2I;0;20;1;15;10;-1;2013-12-15 18:05:00
1151;DAU2013;3I;0;19;1;16;9;-1;2013-12-15 18:08:36
1152;DAU2013;4I;0;15;1;12;13;-1;2013-12-15 18:13:35
1153;DAU2013;1I;0;20;1;11;14;-1;2013-12-15 17:57:03
1154;DAU2013;2I;0;7;1;17;8;-1;2013-12-15 18:00:54
1155;DAU2013;3C;0;25;1;15;10;-1;2013-12-15 18:03:28
1156;DAU2013;4C;0;6;1;14;11;-1;2013-12-15 18:06:12
1157;DAU2013;1I;0;2;1;14;11;-1;2013-12-15 18:00:08
1158;DAU2013;2I;0;27;1;15;10;-1;2013-12-15 17:58:19
1159;DAU2013;3I;0;20;1;13;12;-1;2013-12-15 18:02:02
1160;DAU2013;4C;0;9;1;12;13;-1;2013-12-15 18:03:43
1161;DAU2013;1C;0;1;1;13;12;-1;2013-12-15 17:56:14
1162;DAU2013;2C;0;10;1;13;12;-1;2013-12-15 17:58:00
1163;DAU2013;3I;0;2;1;16;9;-1;2013-12-15 18:00:07
1164;DAU2013;4C;0;8;1;16;9;-1;2013-12-15 18:01:41
1165;DAU2013;1C;0;30;1;19;6;-1;2013-12-15 18:02:54
1166;DAU2013;2C;0;8;1;11;14;-1;2013-12-15 17:59:48
1167;DAU2013;3I;0;20;1;13;12;-1;2013-12-15 18:05:42
1168;DAU2013;4I;0;13;1;14;11;-1;2013-12-15 18:08:20
1169;DAU2013;1C;0;4;1;13;12;-1;2013-12-15 18:05:34
1170;DAU2013;2C;0;26;1;15;10;-1;2013-12-15 18:07:25
1171;DAU2013;3I;0;16;1;13;12;-1;2013-12-15 18:10:22
1172;DAU2013;4I;0;11;1;14;11;-1;2013-12-15 18:12:12
1173;DAU2013;1C;0;21;1;11;14;-1;2013-12-15 18:06:24
1174;DAU2013;2C;0;3;1;12;13;-1;2013-12-15 18:09:58
1175;DAU2013;3C;0;5;1;9;16;-1;2013-12-15 18:15:49
1176;DAU2013;4I;0;13;1;12;13;-1;2013-12-15 18:18:28
1177;DAU2013;1C;0;21;0;-1;-1;-1;NULL
1178;DAU2013;2C;0;2;0;-1;-1;-1;NULL
1179;DAU2013;3I;0;10;0;-1;-1;-1;NULL
1180;DAU2013;4C;0;5;0;-1;-1;-1;NULL
1181;DAU2013;1C;0;5;1;13;12;-1;2013-12-15 18:11:31
1182;DAU2013;2C;0;22;1;15;10;-1;2013-12-15 18:07:47
1183;DAU2013;3I;0;16;1;17;8;-1;2013-12-15 18:09:29
1184;DAU2013;4C;0;8;1;15;10;-1;2013-12-15 18:12:57
1185;DAU2013;1I;0;14;1;9;16;-1;2013-12-15 18:19:22
1186;DAU2013;2I;0;22;1;18;7;-1;2013-12-15 18:21:44
1187;DAU2013;3C;0;18;1;16;9;-1;2013-12-15 18:23:47
1188;DAU2013;4I;0;12;1;11;14;-1;2013-12-15 18:16:20
1189;DAU2013;1I;0;27;1;14;10;-1;2013-12-15 18:23:53
1190;DAU2013;2I;0;28;1;16;9;-1;2013-12-15 18:28:57
1191;DAU2013;3I;0;13;1;8;17;-1;2013-12-15 18:18:58
1192;DAU2013;4J;0;26;1;14;11;-1;2013-12-15 18:33:37
1193;DAU2013;1I;0;26;1;12;13;-1;2013-12-15 18:23:01
1194;DAU2013;2I;0;28;1;14;11;-1;2013-12-15 18:19:43
1195;DAU2013;3C;0;14;1;7;18;-1;2013-12-15 18:21:37
1196;DAU2013;4J;0;25;1;15;10;-1;2013-12-15 18:24:36
1197;DAU2013;1I;0;1;1;8;17;-1;2013-12-15 18:23:08
1198;DAU2013;2I;0;30;1;14;11;-1;2013-12-15 18:19:28
1199;DAU2013;3I;0;14;1;10;15;-1;2013-12-15 18:21:24
1200;DAU2013;4C;0;4;1;10;15;-1;2013-12-15 18:24:58
1201;DAU2013;1I;0;15;1;9;16;-1;2013-12-15 18:25:28
1202;DAU2013;2I;0;21;1;15;10;-1;2013-12-15 18:29:01
1203;DAU2013;3I;0;23;1;12;13;-1;2013-12-15 18:30:17
1204;DAU2013;4J;0;24;1;16;9;-1;2013-12-15 18:31:29
1205;DAU2013;1I;0;6;1;14;11;-1;2013-12-15 18:26:43
1206;DAU2013;2I;0;18;1;9;16;-1;2013-12-15 18:28:16
1207;DAU2013;3I;0;13;1;14;11;-1;2013-12-15 18:25:03
1208;DAU2013;4J;0;30;1;19;6;-1;2013-12-15 18:21:37
1209;DAU2013;1I;0;8;1;13;12;-1;2013-12-15 18:25:47
1210;DAU2013;2I;0;27;1;14;11;-1;2013-12-15 18:28:32
1211;DAU2013;3C;0;30;1;17;8;-1;2013-12-15 18:29:50
1212;DAU2013;4J;0;22;1;21;4;-1;2013-12-15 18:30:47
1213;DAU2013;1C;0;5;1;17;8;-1;2013-12-15 18:48:13
1214;DAU2013;2C;0;6;1;11;14;-1;2013-12-15 18:42:30
1215;DAU2013;3I;0;9;1;11;14;-1;2013-12-15 18:53:08
1216;DAU2013;4J;0;29;1;15;10;-1;2013-12-15 18:56:00
1217;DAU2013;1I;0;30;1;18;7;-1;2013-12-15 18:55:25
1218;DAU2013;2I;0;15;1;10;15;-1;2013-12-15 18:46:35
1219;DAU2013;3C;0;11;1;10;15;-1;2013-12-15 18:50:26
1220;DAU2013;4I;0;18;1;11;14;-1;2013-12-15 18:53:09
1221;DAU2013;1C;0;2;1;11;14;-1;2013-12-15 18:47:13
1222;DAU2013;2C;0;19;1;13;12;-1;2013-12-15 18:52:16
1223;DAU2013;3C;0;9;1;17;8;-1;2013-12-15 18:50:37
1224;DAU2013;4J;0;21;1;14;11;-1;2013-12-15 18:49:11
1225;DAU2013;1I;0;15;1;9;16;-1;2013-12-15 18:57:57
1226;DAU2013;2I;0;28;1;16;9;-1;2013-12-15 18:55:33
1227;DAU2013;3I;0;20;1;15;10;-1;2013-12-15 18:52:29
1228;DAU2013;4J;0;22;1;17;8;-1;2013-12-15 18:47:26
1229;DAU2013;1C;0;3;1;12;13;-1;2013-12-15 18:49:45
1230;DAU2013;2C;0;28;0;-1;-1;-1;NULL
1231;DAU2013;3C;0;7;0;-1;-1;-1;NULL
1232;DAU2013;4J;0;30;0;-1;-1;-1;NULL
